2.886766975438638527e-03,7.593887268757487739e-04,-2.510977296593828529e-05,5.515492194957546945e-03,1.102294823467155419e-02
5.456538406355166959e-01,3.366359397998579528e-01,-1.032124143521619519e+00,-8.109815576639527179e-02,7.306495589416905911e-01
2.814469274967255630e-01,1.319508153404788386e-01,-1.912978702000427411e-01,-5.742049192556963888e-01,-1.433751504510012154e-01
-9.928122010472262282e-02,-4.307137196001361024e-01,-3.633997512830714482e-01,-4.825178708406677730e-01,3.876275330060108826e-01
1.038288955602915675e-01,-4.538178101160424971e-01,-5.487103356573216351e-01,-1.687716842610993973e-01,8.789412265070763175e-02
-6.016595656876092685e-02,7.847844162828190862e-02,7.507840438915834580e-02,-5.459258937658337946e-02,7.989207517546861870e-02
-1.595894016457003739e-01,-3.383765187561650900e-01,-5.711448192595679485e-01,-5.833952483342237372e-01,8.183272999558147132e-02
1.808280064928763711e-02,2.934053620044069222e-01,4.203390101459606593e-02,-8.657035814637282778e-01,-1.894088932432117347e-03
-1.961527853025365198e-01,3.403053606768751682e-01,-3.271557173634260240e-01,-3.590029753195899676e-01,-3.290409418068157010e-01
8.563610736782652222e-02,1.944766872820011816e-01,-3.985908655650865877e-03,-1.750302031200021424e-01,2.534027830900821999e-03
1.746732980864488388e-02,2.066770623779180804e-01,1.047326656367462139e-01,-1.744485303943989762e-01,4.373426560640169408e-02
-6.678087428069398590e-02,4.952018545293604412e-02,-1.111155489401229740e-02,5.950878464879834004e-03,2.527463880516084629e-02
1.890642698637772789e-01,4.279857275352250828e-02,-3.231764505065527482e-01,-5.788631100690386777e-01,-2.284731047594235342e-01
-5.461928139147440540e-03,-3.478997046797258508e-03,-1.184905847207281572e-02,2.655157201007082943e-03,-4.155871644840948217e-03
-8.471146330875746200e-01,9.300937148860186632e-01,-1.771596870756991793e-01,-4.720452527790886532e-01,1.417965867900351729e+00
1.108820209003854446e-01,2.691475177474176306e-01,-9.528447627288648414e-02,-2.286671585780218063e-01,-1.456947370548565268e-01
-5.194505520661077957e-01,9.587690715110179784e-01,3.424301540380562670e-01,-7.701669120795556767e-01,2.736345405666250064e-01
-1.199390087714706343e+00,-2.529819265073909307e-01,-1.964294233440156412e-01,2.169941646944890251e-02,5.800914192018013366e-02
-1.126052376555176870e+00,1.330655737279450745e+00,-9.889107544969092389e-01,-1.388230624827483349e-02,1.386387203334215057e+00
1.126359557036532150e-01,-2.056772611981511900e-01,-5.083191530514359346e-01,-5.362903383043482464e-01,1.037186112337117397e-02
-4.955907452724105794e-02,-6.352592194286023342e-02,-1.298984226680372500e-01,-5.805830068534946209e-01,5.789270322510019495e-01
-2.643031797770465374e-01,-1.487796894533757186e-01,2.641550665124675623e-01,-6.680592209675887405e-01,5.739453756175795229e-01
-3.784321949232217763e-01,6.328755080925833054e-01,-5.146069535727280098e-01,-8.568543193602051744e-01,4.397794725158591378e-01
6.341047460272440650e-02,-3.905969289948507672e-02,-3.969658116467834896e-02,-2.875585150685188718e-01,3.076901672975945745e-01
-4.927886590529608757e-01,-1.574744017558026288e-01,3.894254158280506528e-02,-1.644563927901742661e-01,-3.783226770934183889e-03
-2.042235251959340636e-01,2.282745149355590655e-02,9.944342205038179949e-02,-8.539553149862049164e-01,1.660797247353279493e-01
7.630531996776279691e-02,3.641003120841502239e-01,4.163881392546305016e-02,-3.413438422948225637e-01,-7.028749136790959917e-02
-9.026632352979294810e-03,9.807679073455162488e-02,-4.588933689172669528e-02,-2.021241454652832406e-02,1.860332287145080241e-02
0.000000000000000000e+00,0.000000000000000000e+00,0.000000000000000000e+00,0.000000000000000000e+00,0.000000000000000000e+00
-1.844964998674852308e-01,1.023640426855362939e+00,-1.345266432169426540e+00,-3.573636582098534964e-01,8.143346791029767440e-01
-2.022613694209247082e-01,3.328857766397578799e-01,9.000184395732160891e-02,-5.481390903573019058e-01,-1.081333543110623296e-01
7.596977094777311867e-01,-3.556924742580090393e-01,-3.798106876872686111e-01,-2.684138148320944772e-01,1.013766751221115481e+00
3.626177665655030621e-03,-3.317322139805572306e-02,9.929074992563204777e-03,2.026452023838890264e-03,1.278537047811466598e-01
-3.720490156988288111e-01,5.196664499399108461e-01,3.838808250584950787e-01,-7.152030620370430913e-01,5.628716707206306014e-01
-1.888909212384762282e-02,4.104942793397342582e-02,-1.842717876769859459e-02,3.326471645756543666e-02,2.071804640335510317e-02
-2.466229970404858474e-01,1.396228147347333248e+00,-8.330832265426166838e-01,-4.623716484373766727e-02,4.370520463045902138e-01
-6.111788338056382136e-02,-1.848463989340037583e-01,-1.984921803856766753e-01,-1.210469140771504443e-01,-1.015627021725832302e-01
3.134593410384753365e-01,2.640034490846220327e-01,-1.067008324386100881e-01,-7.386849833935275056e-01,-5.830300941832261552e-02
3.175893596667656721e-02,3.259810788746236310e-01,6.036536957396798631e-01,-2.436540890717020236e-01,1.528310364970783208e+00
-1.526455623694893682e-01,3.798519530814514072e-02,4.908318181634306610e-02,-1.791518610527750854e-01,-4.403655805076293894e-02
-1.266830647347629291e-01,-2.602457967268217431e-01,1.616270909045814386e-01,-2.711665434671632902e-01,6.642747901379605358e-01
1.909114742017690158e-01,-9.800358511608180112e-02,-1.825427334049838923e-01,-8.160594272944511340e-01,-1.008348308391848356e-04
-1.212782566566006359e-01,-1.973346294090599362e-01,-3.551194822675419194e-01,-5.109928981276664617e-01,-1.179286531515390674e-01
-8.011487923636939623e-01,-4.096636670473947084e-01,-1.402874136410492967e-01,-1.339628388113429380e-01,-1.618487151981101713e-02
-1.325861360047846278e-02,-1.785149993792624346e-02,1.516757209062204051e-03,3.090515816839381567e-03,1.839014921694713880e-02
-1.356358304455916423e-02,-6.643519374897924844e-03,-1.181442976067879555e-02,1.309844309057921208e-02,1.042493870691058380e-02
4.096819114543810980e-01,-8.325139976548728837e-02,2.365928191339772974e-02,-3.496788135029239575e-01,1.044476641355830182e+00
-8.625294366656369172e-02,-8.102862074405148274e-02,-8.390598597939531722e-02,-7.045904727093459385e-01,1.177056377527477687e-01
4.473213932232383838e-02,-1.581448053172767876e-01,-1.005459795595228523e-01,-5.753000614598983986e-02,1.586384009235741188e-01
6.557282713645835592e-01,-6.489423023634095788e-02,-3.470056425119511512e-01,-2.752907840422871288e-01,8.209919776631486865e-01
0.000000000000000000e+00,0.000000000000000000e+00,0.000000000000000000e+00,0.000000000000000000e+00,0.000000000000000000e+00
7.491779444246121286e-03,3.821853359538190248e-02,-6.394850166158790039e-02,3.089337295180065099e-02,-2.036778005230570256e-03
1.671101117226161600e-02,6.470331033010962019e-02,4.530875759693830940e-02,-3.826981544079709370e-03,9.570326973885047439e-02
7.888348125463366667e-02,7.593697372614187369e-02,-5.962134559928588401e-02,-1.285293566874965154e-01,-1.003677104338762949e-01
-1.098085326477394652e+00,-5.266846761594170534e-01,-4.699318697749979568e-02,-2.146830472348996433e-01,4.427015795687884447e-02
-1.511556511838764993e-01,4.635989619717567622e-01,7.255870967770412620e-03,-8.369380575820212220e-01,1.913605402620979778e-01
-8.204789530345979465e-02,5.100768123332856119e-01,-7.096658171093721545e-01,-3.305454026068908591e-01,-1.540408881702790000e-01
4.826453392982134327e-02,1.399022877949513636e-03,-1.201626316782554021e-01,3.840024790637633356e-02,5.872753108483513146e-02
8.723614614154828750e-02,4.661521783760293469e-01,-9.127144610417315881e-03,-5.331311936252307593e-01,7.771026643186047800e-02
-3.488751354686541184e-01,2.052075991408065514e-01,1.848442450535364157e-01,-8.565766538794031271e-02,1.952960171995338501e-01
-5.843503212390475758e-03,-2.197092398371648103e-01,-3.953391057762330463e-01,-1.613584064369359139e-01,7.683312927925023406e-02
-9.766583824876917674e-02,7.414963181899911215e-02,-1.195158361414714113e-02,-2.338082183376155310e-01,-1.261950239315502154e-01
-8.133676589026758719e-02,-2.866455584656137090e-02,-1.816189086004286191e-01,-5.218825016770745062e-01,-2.818002009333074945e-02
6.702896773768800553e-01,1.661778444091680240e-01,-1.696128005077414957e-01,-5.026703824865470516e-01,3.918790855959313202e-01
-1.356356736469138680e-01,-6.067474090600374903e-02,3.849934285044828621e-03,-1.087802078943466144e-01,-5.402954316653457711e-02
-1.177402165871465345e-01,-1.230710864371543367e-01,-4.932399890796909658e-02,-5.564223154132258431e-01,3.616416259930166355e-02
-3.956969319762758674e-01,1.949792995859225830e-01,-9.026022240225165527e-01,-5.033296180833992661e-01,2.712961909544658878e-01
2.014591246936926761e-01,-1.990769706070505407e-01,-5.833323145016168221e-01,-4.926526918263916532e-01,-4.801823382858850381e-02
1.094583714057937585e-01,-3.417401071637700127e-01,-8.652965585684821992e-01,-5.126641247264308587e-01,-2.557468246991710936e-01
-1.784892749775595311e+00,-5.712865760596098630e-01,-4.430186110964633994e-01,1.071848200369036608e-01,8.941573485632953525e-03
-1.678990557945279904e-02,-1.041379324603052686e-02,1.708483682262036674e-02,-3.461245954351729187e-02,2.955134208279822094e-02
-6.653331299581713432e-02,2.320509556192774103e-01,-5.082434352753392726e-02,-8.679310662450542280e-01,-1.909759106114050919e-01
-7.890527753003040434e-01,4.202556917038258177e-01,-1.007218405984363907e-01,-9.253663970366584612e-01,1.531756198987980877e+00
-8.840252903466373768e-02,-1.244246702706491153e-01,-1.004376958820299148e-01,-4.203022340719144156e-01,-1.983324115551165709e-02
-2.017046621786508787e-01,-1.816753287643205483e-01,-5.830253339415487901e-02,-5.924741175839581819e-01,7.600272382368863933e-02
-1.934609887221760624e-02,4.492946776049493163e-02,-2.983337839946487852e-02,3.652395419346386729e-02,1.402628707841296028e-02
-1.784397609799980022e-01,-2.906649044164115736e-01,-4.205788933041331584e-02,-8.906263969433420025e-01,7.783952219976079112e-01
-8.677092301335626034e-02,-1.209198274754527680e-02,-7.421353949323986066e-02,-9.044477545925586615e-01,5.052270430312041372e-01
-7.443974771822733927e-02,-2.945475851325413119e-01,-1.741705422531459602e-01,-2.988390037094400542e-01,-7.966442229662688834e-03
-7.139511975056169746e-01,1.353590383748235482e-01,6.340267362129768658e-02,9.867249343910623749e-03,2.744036635771542887e-01
2.438678018059831087e-02,2.850904785704169164e-01,-5.605104563646694238e-02,-6.745789273782662465e-02,-7.125799275521718656e-02
7.789247729860292457e-01,1.866646643900014280e-01,-3.607748785686208381e-01,-6.254653896114459322e-01,5.867362468249049945e-01
-2.213872741834795876e-01,2.121632799266498781e-01,-1.663237884182889037e-01,-1.463008702863163035e-01,1.468510182617284165e-01
-1.462017645074119299e-01,-1.211674822438931348e-01,1.022999250465547044e-02,-4.442282588366499030e-01,-7.906652162809636730e-02
5.944249460144833686e-01,-5.214370564232937433e-01,-3.153036228031546595e-01,-4.112666456938842141e-01,1.702590426695976378e+00
-9.619496735010268917e-01,1.796540830108796838e+00,-1.453396069705697347e+00,1.727624436182580991e-01,4.230459412070162739e-01
-8.955844431655028970e-01,-2.329671538128057495e-01,1.098341763767652322e-02,-2.352826670009701693e-01,3.332253828613370578e-02
-1.737270562563072718e-01,-1.636207306972495279e-02,-8.913451672935821524e-01,-4.499908938535898684e-01,3.208704838346490007e-01
-3.923348123448514024e-02,-4.033615139155149465e-01,-1.887446968510091971e-01,-7.781597283846528601e-01,1.353430468330473202e-01
-8.329965208253965470e-01,-1.285617167344768885e-01,-8.538248374188308829e-03,-2.507847886740458554e-01,-4.166297844973277514e-02
-1.064424013602654762e-01,-3.605147321939724536e-01,-2.717382133238051001e-01,-7.950900532774743956e-01,-1.519686265085489763e-01
-1.476384487145823154e-01,1.307269040061557197e-01,-5.059286605942791004e-01,-4.208458862859459360e-01,1.537227331158909971e+00
-8.476276617772583732e-02,-1.176975223189571512e-01,-1.046104020459280415e+00,-2.442868366170455885e-02,-6.246955339056827101e-03
2.479261542506831228e-01,2.204047031462875728e-01,-9.565148866167801078e-02,-9.310438187762182238e-01,2.537510486717749897e-02
-2.720271732685403121e-01,6.789313602025166816e-02,-1.116493860006538413e-01,-2.139594335044498474e-01,4.168827404928278635e-01
-7.161355326154568435e-02,2.139534799553444444e-01,-4.135186237728820380e-02,-1.981178154479130982e-01,-9.982379570658153622e-02
-1.341060235920590593e-01,2.700616653109537135e-01,6.840155673498672650e-02,-6.981653579928542852e-01,-3.002192454888890152e-02
8.918592098708211235e-02,5.491324823110961886e-03,-2.030889326226404945e-01,-1.539962010754434840e-01,-2.558974691168106746e-02
1.147846347657433264e-01,1.702192679224518168e-01,-6.671165014353810374e-01,-7.074710244533740644e-01,-2.322724387420718739e-01
-7.857648873090837816e-01,-2.146119457260168284e-01,-7.816799557041222146e-02,-9.093458241250773622e-02,3.170593150514324637e-02
-8.806687851328318106e-02,2.506929217144236027e-02,1.225337732971474441e-02,-4.037491429566398282e-01,-3.742321404978385738e-03
-7.113856662952247056e-01,1.692894755789087879e+00,-5.514502490191746098e-01,-9.697882171160389364e-02,1.635995520129325254e-01
-2.005898122535668127e-01,1.171300609084971189e-01,3.125917599279491310e-01,-3.273156329205683668e-01,2.815187832373719501e-01
3.379630113587647755e-02,8.256640036806559002e-02,8.173983418357952391e-02,-5.422773446240791717e-01,-7.795389122997451424e-03
-1.751699423184197579e-01,5.067973583145747307e-01,-2.043549755196594764e-01,-4.568807077830459029e-01,1.267697200124418000e+00
-1.179609741423260638e-01,-6.764967211433116356e-02,-4.703489428118903803e-02,-7.151626420098565473e-02,-5.302187458191973124e-02
6.551738858472434812e-02,1.773543885557255506e-01,3.156232077130629449e-02,-2.384118876200500003e-01,-4.027292298373073842e-02
5.708500768007678250e-01,-3.022911865734492221e-01,-3.537013398529842978e-01,-4.733089193747652135e-01,5.319651271173745366e-01
8.769034416813953348e-02,2.768308340850563209e-01,9.400246861608579918e-02,-3.999556801882790391e-01,1.463183711977107393e-01
2.835744757392311133e-01,-6.932642667915677182e-01,-1.103159548114085231e+00,-5.777185044634846472e-02,1.712760333923759370e+00
-1.537854527067955557e-01,-3.975087292464021815e-02,-5.536468268612664279e-01,-7.545759524093882398e-01,5.677534811301152562e-01
-5.143305458858272727e-01,-1.398011524985528498e-01,6.876096103015342945e-04,-1.784775252607582186e-01,5.558795645440803290e-02
-6.469789130782773734e-01,-2.207712050200828502e-01,-1.800517844123702416e-01,1.436917650614620845e-01,1.899039735353011404e-01
5.711508527642327193e-01,-2.654687262473306997e-01,-4.443954461290018365e-01,-2.060858160344752332e-01,5.042593445272948172e-01
-1.442405315479416972e-01,-7.331576147012981715e-02,-1.126911211754331316e-01,-2.064064289433191757e-01,6.862029382393022847e-02
1.044258642418727373e-01,3.826170564888119879e-02,5.545232493548737235e-02,-6.633787700746677229e-01,3.472629108034630541e-02
1.315379375923636240e-01,1.335306654268798576e-01,-2.393952465416278041e-01,-1.688743371320396702e-01,-1.973237796095260177e-01
-3.405787936199766164e-01,4.172856280284456543e-01,1.939024856708466138e-01,-8.273699661758469048e-01,1.915765856405892420e-01
-6.720132112013246228e-01,4.574545578370176613e-01,-2.719064127983595314e-01,-8.195551500277518109e-01,7.469950796115348846e-01
-1.313825134604333991e-02,-1.427790957153153295e-01,-1.179286738648786248e-01,-6.120341684743161315e-01,3.200889101807914416e-01
3.894272065025056184e-01,6.216134565213430330e-01,-1.088015727756899365e+00,-4.609443353648853270e-01,5.987613169933078128e-01
3.627722575546567518e-01,1.789099779650342448e-01,-5.389384675694681714e-01,-1.606874375336856398e-01,1.739973806040148174e-01
-1.815278644050544524e-02,6.309330132922444379e-02,5.581877454382450088e-02,3.170722027069456522e-02,1.018275815744518892e-01
9.865384456199371987e-02,7.464750482291353240e-02,-3.753723602010015925e-02,-7.305425691295187596e-01,-3.590888029725806951e-02
-1.433692553012313187e-01,-2.453218563075188624e-02,-3.800679825493286090e-01,-8.994766900809061383e-01,4.344594190126253863e-02
4.628254094489106518e-01,-4.510527847971549376e-01,-1.067643470933455907e+00,-3.250559543818248853e-01,6.104640354873634989e-01
7.305123982147894435e-02,-3.931521592876565663e-01,-5.019107785367934449e-01,1.396120182912915370e-02,2.005630188120899882e-01
6.201177683419126924e-02,-5.868963831133784392e-01,-1.097866149672391378e+00,-2.643321049327361227e-01,3.014966357902648109e-01
5.141315430776035450e-02,6.412975168167858731e-02,-1.044017636987398384e-01,-8.599622087251308777e-02,-9.359705254726315149e-02
-5.433500968681985455e-02,-3.451087596443321200e-03,-6.640691931095034084e-01,-6.941354481030127532e-01,3.635776331235701098e-01
9.022758659356501509e-02,9.666331813701933839e-02,-8.247771821415177118e-02,-2.005945604638750268e-01,-7.036899724533374201e-02
2.087128343725379032e-01,1.356801504299675297e-03,-1.498774513342351344e-01,-3.229253241138043129e-01,-1.572102898257917228e-02
1.277680378613987588e-01,1.077205117642533877e-01,-3.833411620347607768e-02,-3.324312708081942347e-01,-4.354508775587394992e-02
-3.114391596283233032e-01,-2.772540877455533792e-01,-2.116429865580027603e-01,-9.297813195821028609e-01,8.018704808600688461e-01
-1.015882323165206852e-01,-4.597077617608184841e-02,1.096054447546301533e-02,2.361703396835583557e-02,9.155947664511693285e-02
-1.899161199715116988e-01,-3.418886709644898270e-01,-3.625111015118019919e-01,-4.088685720527397982e-01,-2.545644707042078458e-01
-1.220800295751991449e-01,-1.458737013496545776e-01,-3.690437002189237564e-02,-5.537993279030031246e-01,2.370091322982569026e-01
8.831223377186465245e-03,1.429509203365977310e-01,-1.075361436655050407e-01,-6.369103540125021778e-01,-2.726256432910307836e-01
2.563520099277034198e-02,1.094832415636503957e-02,-6.608059455466375014e-03,-2.670686165681369073e-01,2.230617317733214408e-02
1.445692056441224005e-01,-1.181770333710864887e-02,-2.102942895572454673e-01,-3.559281003648555042e-01,-1.730275346210375931e-01
1.174708798390509262e-01,-3.915330404288559774e-02,-1.234661453536511078e-01,-2.729270173261948984e-01,-7.424764857778405613e-02
-3.568248891168801507e-02,-1.845919419974486470e-02,-7.031423336859306261e-02,-3.625809789872507793e-01,-1.070754877961529877e-01
2.353869419653684680e-01,2.069204455452926528e-01,-4.013240210474534886e-02,-5.726586711668911756e-01,-6.100373993639513631e-02
6.405040299080670962e-01,-1.113897536653380392e-02,-1.465245656911917105e-01,-5.238877718926244764e-01,9.045851786383891646e-01
6.865553210064457845e-01,-5.461073926395949574e-01,-1.816636517719265043e-01,-6.057775252830988055e-01,1.131701755608126803e+00
1.726537046121795482e-02,-3.492729412861412253e-01,-3.474590421910281335e-01,-6.740551874228986051e-01,-1.303736553500058244e-02
-1.009103752675712534e-01,4.134299304644821760e-01,4.180801098089882706e-02,-3.140879598100836945e-01,-6.387101268874190163e-02
-1.793570393495938775e-01,-1.899185164730180786e-01,-1.635018927760598928e-01,-1.457608358875872312e-01,1.741582186298237800e-01
-5.844271677110240287e-02,1.627706737220400435e-01,3.570927367455623003e-02,-6.850224544667938842e-01,1.132143958982025468e-03
-7.810645306577808367e-02,-4.099318099221767597e-01,-1.009272763748789159e-01,-7.662123856523976873e-01,8.184727714475609206e-01
8.782902060599072636e-01,-1.672478916070291866e-01,-5.524082014787430328e-01,-4.504933354582504879e-01,1.335067580835783030e+00
-7.529516994903572014e-02,2.772834330025703564e-01,7.031188652885528301e-02,-8.884626528588326355e-01,5.230545783543735228e-01
-2.171093801515426858e-01,9.977138923216311017e-02,-1.197733033839679800e-02,-2.390182792882758755e-01,1.880273637034148362e-02
-7.712773506635830500e-01,-2.617501126639974474e-01,-1.713148080610543689e-01,-4.932832477524310560e-02,-4.892224078229039097e-02
-2.066796383753550514e-01,2.101161618091978035e-03,8.619309539996859726e-02,-5.481009216698965458e-01,-2.902641651601944872e-02
-6.985560379610036841e-02,6.673718293922180356e-02,-7.862940543627057466e-02,5.478561472390072740e-02,2.463886203670416150e-02
-3.519604085944849081e-01,-8.056877114532599859e-02,2.535325828400711301e-01,-6.097030557875670054e-01,4.219095534668940162e-01
-2.929764438225663722e-02,3.310513261588516470e-02,2.540009708350193102e-02,2.326723234760705999e-02,5.037899107265308984e-02
5.973658850713784579e-02,2.902175195501256466e-01,-2.133512538374923162e-01,-1.036274564150104549e+00,1.572722685862132097e-01
3.057544452038429839e-01,1.845812541478420721e-01,-5.926528652350392390e-01,-2.951958106772977763e-01,-1.763284482782907225e-01
4.379040955756516862e-01,-2.192920502651876102e-01,-1.089602077747652942e+00,-1.355837351467309715e-01,1.255347965910896813e+00
-7.706966601237127401e-01,-2.095921249829548749e-01,-2.995411682714963497e-01,7.090510579426671789e-02,-6.289503405498042543e-02
1.568672315092989877e-01,-7.453183159431567284e-02,-2.789892705190634148e-01,-9.037567416657906749e-01,-1.885669302511807643e-01
-3.070610893511319106e-01,6.049273348410313944e-02,7.183655207644584761e-02,-6.328214547385974109e-01,6.060961866503615948e-04
-6.245100448624591599e-02,-2.874371940400048953e-01,-2.778269132727955726e-01,-6.754869947431797472e-01,8.973088402308542211e-01
-8.487566478452721053e-02,-2.153710967005343854e-02,-1.428102705326728117e-01,-1.786056425091463729e-01,3.959780458636906475e-02
1.007909956099453490e-02,-7.400752211212641152e-02,-2.650545719303859515e-02,-6.184811976920054355e-02,1.845377340595023841e-02
-1.259224373226534299e-01,5.119994828524253583e-01,-3.920460639598562502e-01,-5.643548004784545435e-01,7.339985569590687930e-01
-6.688000539161444158e-02,-1.940009287665369481e-02,-1.316025090308775292e-01,-1.581265120781383815e-01,-1.533378405510776588e-01
-2.322062888080804466e-02,9.842884639203190907e-04,-1.577847071917597849e-02,1.028154410768603380e-02,4.710234681416971235e-03
-2.048509622059555002e-01,3.832954517207678435e-01,2.835785437176989721e-01,-3.077519178734025029e-01,2.243412000343996959e-01
2.142340662197897982e-01,2.566814495286411368e-01,-4.782725098359631444e-01,-5.193307476314222848e-01,-9.319479467033597864e-02
-7.469083308343960059e-01,-3.331480917470475700e-01,-5.184393413866716926e-02,-2.038135605544708906e-01,-4.082020602428448885e-02
-4.725729286802216045e-02,-7.522403153311449375e-02,-8.047950800752869116e-02,6.476791064278020205e-02,8.132711609635256966e-02
-2.859612391810816834e-01,-2.497526554112669273e-01,-2.370098108511645152e-01,-4.094018355807630960e-01,-8.161499748414889621e-02
-1.804646423145912781e-01,-1.994838022902765962e-01,-2.114843351088319945e-01,-4.285990173088719546e-01,-3.525345683075296194e-02
-5.505871734607901136e-01,3.320926921409061289e-02,3.555047372544513085e-01,-4.035986748345065100e-01,1.550696506262737140e+00
-2.145086062174944019e-01,1.200973916753564630e-01,-8.676649715763641579e-02,-8.056862884624934606e-01,-2.172026185137878318e-01
-1.284112506955587263e-01,-8.584838227108947117e-02,-4.826292629633672365e-02,-8.853190564366426873e-02,-7.150960115409039919e-02
-1.105494087650320777e-02,2.690780260977334443e-02,-8.714541898157696781e-03,-1.369450761792030402e-01,-7.072079046439375127e-03
4.063858420308999464e-02,1.098549089891311947e-01,8.738281166038355807e-02,-9.897794371207103981e-02,1.528181539270390965e-01
1.124891001850526900e-01,-7.555723367517583888e-01,-2.116601706445874864e+00,4.255149421199008186e-01,5.598253363271119554e-01
-2.170517508290716602e-01,5.095179007982852948e-01,1.432328414649722097e-02,-6.907317839815476646e-01,-1.571754365999168401e-01
3.234864053353811997e-01,2.693167625247291919e-01,-4.638045058283816746e-01,-6.228513757153346653e-01,3.601663234517971657e-01
-1.423351193477531418e-01,-1.804837580688627430e-01,-4.322353047194477660e-01,-8.310518166572797849e-01,-2.488021111486297607e-02
-1.633231296968662427e-02,3.372390265485031291e-02,2.777856637776707563e-02,2.065578050466179358e-02,5.856759958278289629e-02
-1.531479578791248020e-01,-1.653775604789368414e-01,-7.219009902310840054e-01,-4.577977171630897568e-01,8.224515094165403550e-02
4.747426028718492730e-01,-4.014433256996842170e-01,-1.069354624171082069e+00,-5.585165728420652398e-01,8.126486985878664804e-01
-2.180696549240303261e-01,1.328961271162278079e-01,1.222642080789972385e-01,-4.561662422032772279e-02,1.819552504966994444e-01
-7.071088315631691990e-02,7.460313480594239766e-02,-1.481465845870660707e-02,3.565147055775458318e-02,3.291851687839717627e-02
7.037485250286698024e-01,1.902438088919066739e-01,-2.372621130826746139e-01,-5.300485119919386978e-01,3.629243338646063743e-01
6.721641928211261607e-01,-3.673500641298853564e-01,-1.148702791712471694e+00,-3.518424303983351820e-01,3.067182716705884049e-01
-1.113989976437419205e-01,3.725844221043903004e-01,-1.904457270210853370e-01,-5.481840140690537044e-01,-2.427213846403104835e-01
5.795852937719050413e-01,-3.649829936777009842e-01,-2.662579046510203939e-01,-3.760008111433378875e-01,9.746950951286758036e-01
-1.393047175112515912e-01,2.113622860000884396e-01,-3.140372084149693488e-01,-6.359592805945019078e-01,1.668524104411725772e-01
4.335910786422880053e-03,4.307043364133299190e-02,-1.343876468270756297e-01,7.619872030893573567e-02,7.389806328860222540e-03
-3.788448013621132371e-01,-3.083352925108273079e-01,1.496040721375249682e-01,-3.254080386675151093e-01,2.529043940441880745e-01
-1.665226641593499646e-01,7.615479486735486636e-02,-3.244028414824946804e-02,-2.529887962672131008e-02,-3.914269725640212583e-02
-2.201012635376085325e-01,3.350178231956694175e-01,3.981646966896659201e-01,-1.143631952953665598e+00,4.728142894764435500e-01
3.497782595008522288e-02,-2.450519187270719379e-01,-2.334461469432410896e-01,-6.099312716620935992e-01,1.278932045136173257e-01
-2.079187304621668564e-01,7.648849399641449720e-02,6.093437741405564878e-02,-1.246938537990355478e+00,3.306077625103459039e-01
1.173478105591878595e-01,1.396340140162531107e-01,-5.093124904335003889e-04,-2.271693290627692097e-01,-2.610724882796803398e-02
2.282697105805888901e-02,2.228225735571152943e-01,3.774068483385602246e-02,-2.468936087533629697e-01,-6.030574399742769792e-02
-5.172302784719170349e-02,5.949476241849506464e-02,3.388028477801126748e-03,1.830349142455746370e-02,4.081821588666684902e-02
-1.012645362233185048e-01,-5.149108164181040448e-02,8.449081068062515298e-02,-5.523311590354089695e-01,4.853309685861514206e-02
1.539246160864669866e-02,-1.692208142726499189e-03,1.054000926801230455e-02,-9.769103138937985584e-03,3.753828261840895519e-02
-1.347736160389455817e-01,1.428154630451441420e-01,8.342182023219571474e-02,-1.538730476365617050e-01,4.660825828110834457e-02
6.546112893687222600e-02,5.198790765465831354e-02,3.821402293926259852e-02,-2.415894324663998560e-01,3.874130092368231054e-02
-1.334046459936966134e-01,-7.028830669729825564e-02,5.207470018506252935e-02,5.607703175625645270e-02,1.770001725547389049e-01
-1.244986131937714929e-01,-7.190945317687724714e-02,-1.881990179096198756e-01,2.578887477907340284e-02,5.178975788109015793e-02
-5.847262014010464748e-01,-7.544237258975886040e-02,-4.037873536608900249e-01,-1.639676611656083749e-01,-1.272077999514325819e-01
-1.748394518680144727e-01,-5.776711344340602905e-02,-1.015553442772064940e+00,-5.883392830202658352e-01,5.780567888718973757e-01
-3.060758530725648519e-01,-8.523239562743807340e-01,-4.495604857766247742e-01,-4.058878707995776103e-01,7.989095419758582839e-01
-1.765271561000247569e-01,3.881554753644869127e-01,-5.482611864474410540e-02,-1.108042735334537676e+00,2.038090685731101803e-01
-5.113885739515221518e-01,3.231847128337207026e-02,-9.857340253712355838e-02,-3.033477464213641950e-01,-1.188955979521246625e-01
-5.013441359151772636e-02,9.474994024978618257e-02,-9.627690084575148133e-02,-4.975690832947840536e-01,-1.294519517232963768e-01
-2.947201669158656112e-01,-2.747745187913986920e-01,4.836780822527800283e-02,-2.670146888383058692e-01,1.974779910082644641e-01
-1.311552625930923754e-01,7.037666711416541709e-02,2.263392947835465505e-02,-3.309253977334708496e-01,-1.035707019641565751e-02
-8.543690641453048629e-02,-2.241221669697748484e-02,-4.631099674636611763e-01,-6.958115490040031048e-01,1.843228792666416760e-02
-2.772562171359769789e-01,1.805226858996527295e-01,-6.283243163567882039e-01,-6.374730390207437036e-01,3.941668872347993402e-02
-6.219219418975428793e-02,-1.153026470660263592e-02,6.351981025238941092e-02,1.747863513924123938e-02,1.276866458163908591e-01
-9.837511885415440790e-03,1.956321921234446815e-02,-5.820688665333364001e-03,1.272993654342800818e-02,3.349662099117659171e-03
-1.015449477553045154e+00,-2.639687048934700186e-01,-1.185331459057615555e-01,-1.119305679366525696e-01,-3.019413466878217815e-03
-1.102708468675291487e+00,1.011795731621444538e+00,-1.647884530038864759e-01,6.239833114664689040e-02,9.681992226183913086e-01
5.972938995982728372e-01,-2.838251089707810593e-01,-2.129979497905685470e-01,-6.319355220672160378e-01,6.205448080084758899e-01
5.578813301261533603e-02,6.100871737061574346e-02,-6.202810907090389181e-02,-1.110375592497311326e-01,-9.052351726942606258e-02
0.000000000000000000e+00,0.000000000000000000e+00,0.000000000000000000e+00,0.000000000000000000e+00,0.000000000000000000e+00
-1.519022268938890752e-01,-2.231333564058881891e-01,2.555463503248985371e-02,-2.735065262463280411e-01,5.958845462567951418e-02
-1.129785031148040214e-02,1.154004378442079377e-02,-2.371013581839252066e-02,2.263096620160277850e-02,6.521219077601395769e-03
-3.611951197172146716e-02,2.107122492458635699e-01,2.343020114564512216e-02,-4.161135937235238003e-01,-4.908861590055114271e-02
-1.003710727807655689e-01,3.982209949271985350e-01,8.716348963898146174e-02,-2.940144482377514690e-01,3.687300316490111588e-03
-4.859420725450069312e-01,2.611228356942500439e-01,-1.487957828403945193e+00,-2.311619584992282983e-01,3.921600245761732717e-01
-5.902222132645960073e-01,-1.662274847414371426e-01,-2.209764889065939375e-01,5.150866756006711178e-02,-4.296943378779501804e-02
-1.434179902920253991e-01,-2.428089519804249030e-01,-1.448546633592541211e-01,-3.200784044944851581e-01,-5.395219773988348122e-02
1.113225963980418176e-01,2.784780721567116715e-02,-7.876632995240911983e-01,-4.686033229819347445e-01,2.205026608874325056e-01
-2.121685928125552068e-01,1.123577515491882423e-01,3.624599937747510076e-02,-4.868371119096435717e-01,1.102304413633508201e-01
-1.248088488956193842e-01,1.504717424973814680e-02,-1.325660492981434735e-01,-6.333041696609711391e-01,3.870353844413224054e-02
1.965048832352607466e-01,4.018334804599755367e-02,-1.509538184338369005e-01,-3.990682249565812856e-01,-1.612275554720640491e-01
-3.161198555327509041e-01,-5.473142165185866936e-01,-7.150916485479440476e-01,2.181034200385742194e-01,4.890583939366899280e-01
-1.574400398667868961e-01,3.197779394541427900e-01,-7.025009816658659423e-01,-6.338427520924598824e-01,8.095227911709738933e-03
6.227819861626125719e-02,2.185525956024000072e-01,-3.704967406835970034e-01,-3.098499871773662262e-01,5.480036764272799843e-01
-2.865785027602053003e-01,8.797880143783297635e-01,-8.070498868196858133e-01,-6.121773496597333608e-01,6.338108817683026919e-01
2.332200279804213031e-02,-4.107249757781506472e-01,-1.280932662738717143e-01,-7.103075784897101563e-01,6.513796389830942557e-01
4.427663025841531430e-02,-2.563183105420995672e-02,-1.600269474808835857e-01,-6.136260641908442004e-01,-2.769715103714917026e-01
1.789102169488880900e-01,2.355982726822692663e-01,-2.688224205623074292e-01,-4.295509885925922200e-01,-6.609637685133668353e-03
1.042687902356254359e-01,-2.068848299479338071e-01,-1.765183405052112020e-01,-9.272972367998744136e-02,1.680757352002838767e-01
-7.729197538849377769e-02,-6.978325671557071841e-01,-1.127271235960302931e-01,-6.605044591829233314e-01,1.266495915535616135e+00
5.280023035474173260e-02,3.310190027221585757e-02,-6.414487380957674401e-02,-3.249326379873310189e-01,5.501539244566061582e-02
3.114335247437439724e-01,-1.625484962489554541e-01,-3.522702216228285610e-01,-1.839519765314275301e-01,2.863753826417587689e-01
2.515372644157144455e-01,2.313530199705114421e-01,-1.484018765331755474e-01,-4.859236611404078587e-01,-2.025551337698413834e-01
-6.965075836709505586e-02,-1.354447911461359177e-01,6.323728140473599581e-03,-4.781678933210361526e-01,-1.942270263067165728e-02
-8.529191802806483924e-01,-4.145767389745407816e-01,-2.861315390890552604e-02,-1.668222299381439677e-01,5.026561970498578252e-02
5.734795384073589075e-02,-2.611862948716367483e-01,-3.392558436471153627e-01,-7.422028884951941130e-01,4.228765384258511562e-01
-3.047378977176954384e-01,6.441570288752922480e-01,-5.500033816961007460e-01,4.189841119731753383e-02,1.194852568073856425e+00
-1.316685239036873359e-02,-1.532955846259784760e-01,-9.915634366728687255e-02,-1.063502658581001459e-01,3.319195441594782053e-02
-8.159312553079695052e-01,-1.609998610293903176e-01,-1.994444201809534578e-01,8.838906936689767957e-02,2.910543566182390018e-02
-1.519534378133728381e-01,2.376724737965298373e-01,5.123818838533110431e-02,-4.175864840875307960e-01,-1.243360774053100248e-01
-1.356356736469138680e-01,-6.067474090600374903e-02,3.849934285044828621e-03,-1.087802078943466144e-01,-5.402954316653457711e-02
-1.505059951787759698e-01,5.581325530938352486e-02,-8.653579100268055102e-02,-1.959506904686306727e-01,-9.545314427426135340e-02
-6.093344819547653196e-02,-1.904609539275884389e-01,-2.397088174782048206e-02,-3.127421129516237408e-01,5.763327910935644310e-02
1.388762892402911897e-01,-1.338263443301904998e-01,-5.741617458973969149e-03,-8.557368294574833056e-01,2.759646096087515765e-01
1.798493458914334486e-01,2.169478239067390013e-01,-2.210828292143194040e-01,-6.229137111272594618e-01,2.275758782230225818e-01
1.806538047521079882e-01,1.272082451594360730e-01,-2.329057846599036641e-01,-3.789690098060003454e-01,-6.546020773045944582e-03
1.340660607693324180e-01,5.928148264813296042e-02,-3.358491933614427549e-01,-1.270576780657871607e-01,-1.300882208188184064e-01
-2.532172908168578984e-01,5.079449418540430417e-01,-6.365207349257152869e-02,-1.421258936938230300e-01,-2.369817572800509212e-02
6.182915512485249732e-01,2.237012488810475319e-01,-8.683271387967737009e-01,-5.242548003146797475e-01,7.308687300713487267e-02
-1.444111593803325787e-02,3.156695385917234753e-01,1.102641578243682280e-01,-5.610033422591997887e-01,-7.435488418173245850e-02
-9.487172811803701311e-02,-2.805006083537676109e-01,-6.096954221010169039e-01,-1.100467477737690158e+00,7.594233430506076576e-01
0.000000000000000000e+00,0.000000000000000000e+00,0.000000000000000000e+00,0.000000000000000000e+00,0.000000000000000000e+00
-1.400812722588843373e-01,1.874996512734042886e-01,1.871425790185327065e-01,-3.122522098662585122e-01,7.410003696947127516e-02
-1.432804077858920722e-01,1.191973963243291995e-01,8.429764409657650170e-02,-6.817119678325063159e-01,3.581395239065761349e-02
-2.051905324145097409e-01,-1.743178287975563900e-01,-3.475942711644228883e-02,-2.379685880332323422e-01,-4.998894975247947930e-02
-1.776749751851751380e-01,8.431047603439836401e-04,-1.093570614235137711e-02,-4.145975986411252201e-01,-1.142333404603381730e-01
-2.243594761623602385e-01,2.837540672035046563e-01,1.368532648121606465e-01,-9.598340852092386577e-02,1.686436259682878303e-01
-2.281157415674605615e-01,-3.871827771986603994e-01,-1.043324118046284749e-01,-6.625166477731224690e-01,3.159805978326186704e-01
1.875429387945892930e-03,-2.983516888066533104e-02,2.194255906541632550e-02,8.168990875729086141e-04,1.057943275768425395e-01
2.608418045154084486e-02,-1.200770203007256731e-01,-9.730796789176794637e-02,-5.545767999149854299e-01,-1.524078187212518365e-01
-1.271127589425559423e-01,1.418561448147167836e-01,1.019229261616008686e-01,-2.154673583306882245e-01,5.322966324770930790e-03
9.498441141327004233e-01,-6.850638148244229952e-02,-7.242463701164379986e-01,-6.170099930673086375e-01,6.468793222455702097e-01
-2.072521847069961065e-01,-4.862533282998132006e-02,-1.736672572819044913e-01,-8.709261958279332361e-02,-1.018415162647954564e-01
9.737740372973058278e-02,2.017211153083589299e-03,-1.774245318976855057e-01,-7.024076521545700169e-01,1.241562029387593968e-01
2.006578240207962938e-01,-5.052597252410453987e-02,-2.742705119075515841e-01,-8.754709334273823584e-01,1.371217681851348569e-01
7.337353105578139911e-02,4.372048918274205054e-01,-5.575323508476033307e-01,-6.421375919679108701e-01,-1.866220016401762827e-01
-1.074565746031806324e+00,-2.882115702820118308e-01,-1.353034942257307083e-01,3.328888851211466663e-03,8.230786588666186288e-02
-7.735633970626583089e-01,-1.328671938518459217e-01,2.331471097117158442e-01,-7.630484242494189884e-01,1.284868832082479706e+00
8.593586994791201084e-02,-1.666920189872039132e-02,-6.654704719459671181e-02,-2.697439491681265927e-02,5.713503341968573929e-02
-4.409878677493304644e-01,-7.219462531372562442e-01,-2.732891636365644694e-01,-3.957477588163696991e-01,8.418861021277898593e-02
5.679987779884946297e-01,-2.955604768855499831e-01,-4.938789582691348601e-01,-3.384676652520589579e-01,1.330282432211357779e+00
0.000000000000000000e+00,0.000000000000000000e+00,0.000000000000000000e+00,0.000000000000000000e+00,0.000000000000000000e+00
2.963535527559047617e-02,1.459946150734374448e-01,2.731139897782746684e-01,-3.073549244785718781e-01,5.058484553309198217e-01
2.498787393840281798e-02,1.357321044075050775e-01,8.723320108709198273e-02,-2.953968486824651851e-01,1.520132376602648661e-01
-1.647266715542076709e-01,-3.111934034116805581e-01,-7.805017258169667516e-01,-9.438512179130342794e-01,6.671504617648845725e-01
-2.941147881208910908e-01,-1.573832649823129481e-01,-3.799054822067418624e-02,-3.141196226417903303e-01,-8.227228766020406453e-03
-4.661311469435205357e-01,-9.726437209063445444e-01,-1.740741511876876757e+00,-8.976118345249840813e-03,5.016416284817528659e-01
2.352091486636490592e-01,-2.574433997581672684e-01,-3.123039207885259239e-01,-1.089584497056960144e+00,8.108826842864617079e-01
5.977109985555246335e-03,-7.966101941394036767e-02,-7.570898506066858769e-02,-2.593127966613519367e-02,-8.351860662393241833e-03
-1.802771747435645000e-01,1.737837703082460161e-01,1.618550189842823950e-02,-4.188024281682745653e-01,-7.862713737464853414e-02
-2.525048209597555715e-01,5.957069333582134738e-03,-5.149175381884750491e-02,-2.983191255634750627e-01,-1.086609170558110460e-01
-5.905697975577842707e-01,5.790568395232843502e-01,4.986113609597875862e-01,-2.482890828868799526e-01,5.680808417706912916e-01
-3.506791436815753088e-02,-1.823850729282407435e-01,-2.548488663127286211e-02,-5.872135575625269110e-01,1.913399738162865904e-02
-2.114616269245194954e-02,-8.817271599938777266e-03,-2.410064767818103845e-02,1.901482134791642256e-02,3.279708110364049165e-03
2.974860000408066085e-01,-2.640370816571815937e-01,-5.826462318954584996e-01,-8.418204480955897295e-02,3.408879580813288790e-01
-1.508166310818977174e-02,3.296531429081758224e-01,-4.613838621313538502e-01,-5.651551410652162488e-01,2.519224536396732356e-02
-1.430509973713067762e-01,5.045974553087984038e-01,-4.202944111846138378e-03,-5.792823623036300607e-01,4.856942889566970983e-02
2.055932928402313259e-02,2.022037446519563131e-01,1.664596712764975688e-03,-2.008446648330121098e-01,8.522441564747777754e-02
-1.733812323745972106e-01,5.169688529133982247e-01,-1.818215006433393510e+00,-1.976448887919584479e-02,6.818660585126402607e-01
1.571655095151668347e-01,4.182125867060107471e-01,9.160655994575454819e-02,-4.825878932281774114e-01,-5.758326748650719612e-02
-3.197963996130447767e-02,-1.641835160177185782e-01,-4.601820040120078170e-01,2.227816789017648680e-01,5.776985637316407463e-01
-2.226705351898756180e-01,4.781112716321406775e-01,-1.788599272419007236e-02,-5.920826790908656490e-01,-1.665257500450172679e-01
-3.597101910677915487e-02,2.959286126257651417e-02,-1.548681079387729913e-02,2.682110640079088740e-02,3.141317710039524119e-02
-2.541410981402558722e-01,-6.858931306094888380e-02,-1.842089197719588345e+00,-4.319848423032741219e-02,5.940532767636322875e-01
-7.364365305831048758e-01,8.644316911220951694e-01,-7.736264770808887192e-01,-4.189365733797411062e-01,3.978001622007126259e-01
2.489892016371966499e-01,-4.447630868827509021e-01,-8.329012469277478070e-01,-6.318555637604943431e-01,3.202859485225147407e-01
-2.689472101134750964e-02,-7.350802073025740346e-02,-1.567932603022521298e-01,-5.798237588656992569e-01,-2.650051435776866193e-01
-3.892308006177942065e-02,-1.393421186746557610e-03,-4.326856045892646385e-02,-1.274132961709830737e-02,-2.258619241542868597e-02
-1.704791419751871817e-01,-6.114212712761120383e-02,6.769921958303691534e-02,-2.332012573475037154e-01,-1.114191688872046351e-02
6.039654729382633036e-01,-1.212875397463274857e-01,-2.250587133688185248e-01,-3.323348992368104216e-01,4.490415475445785343e-01
-5.787501208450703816e-01,-2.235254563642129766e-01,-6.050078572618317052e-02,-3.898530528266268280e-02,4.198659950709854316e-02
1.048489527938082089e-01,-2.057665678178280388e-01,-1.285635265884707557e-01,-2.248663296150046620e-01,3.522529132110150951e-01
1.051489724462359998e-01,1.887191199469763769e-01,-6.099826701723250894e-02,-4.466637984544070683e-01,-1.820746560161955740e-01
-2.186434446099566331e-01,4.246894852583864011e-01,8.054166387469363642e-02,-2.701423546819506361e-01,8.664582521576201513e-02
-9.589558563552371198e-03,1.596716825612290100e-02,-7.457664677672135554e-03,1.040667789531073487e-02,2.931392431932832495e-03
1.072103497759163138e-01,8.624429655875005818e-02,-1.904584721237344569e-01,-1.483207659103788767e-01,-1.252085618359548291e-01
-4.080165502777835518e-02,-2.153660384195598687e-01,-4.956043882970818104e-01,-7.000358535615454070e-01,-1.415745640445306430e-01
-1.020730412653345076e-02,3.237610166664936333e-03,-3.507398136105792374e-02,3.614024955513194665e-02,2.538360823303699096e-02
1.852526167017180814e-02,3.468055510577367634e-02,-6.281338396680719027e-02,1.751581438023061543e-02,1.479358246298722972e-02
-3.319478490065553844e-01,3.815003563873418241e-02,1.114933410395741314e-01,-4.003389501056895394e-01,1.828941014099937923e-01
-9.243967600104383009e-02,-1.435910351436500421e-01,-4.349274193840631519e-01,-6.390213855275821420e-01,-1.167442174301502600e-01
-8.592440909939809135e-01,-3.936839591204273070e-01,-3.202204846309574665e-02,-2.264429371254264300e-01,5.382260387070710375e-03
8.881478262653155764e-02,6.379563334076912007e-01,-2.900549592161477119e-01,-3.097834437368605642e-01,1.350134631693895582e-01
2.697298141425844703e-02,6.997378176492373425e-02,-5.248909977187765641e-02,-6.460710207104654323e-02,-3.841851613267998483e-02
-3.321820038866686586e-02,3.209370370444519587e-04,8.411504999218209766e-02,9.873193262576520149e-03,1.283944921285124219e-01
8.252773570016214144e-02,-5.063655999719893913e-02,-2.524527764619965975e-01,-5.020828483537078668e-01,-2.882817232425498588e-01
-1.111190599773772408e-01,-3.600426030977806752e-02,-1.092426827321438670e-01,-5.548672280228132969e-01,-2.629178496457876824e-01
-1.806282819645633033e-03,-1.981589262229288811e-03,-2.538457274689250552e-03,1.985074132350846295e-03,2.144827493353976570e-04
-1.171694495278798320e-01,-9.200416503437164328e-02,-1.547758598265903118e-01,-3.923736679594388987e-01,-2.566110225790420030e-01
-1.908882576505549211e-01,-1.074174561000443978e-01,9.730946921482254430e-02,-2.164517391015173819e-01,6.667804237495146558e-02
4.020087883758179381e-01,1.253826539783040317e-01,-1.089034838142491246e+00,-4.351194608967499655e-01,2.490343210813147079e-01
1.497398488329101940e-01,1.343380527367517285e-01,-2.525112579874244298e-02,-6.208319968631473840e-01,-1.744998889455614058e-02
1.172209084826141973e-01,1.045720175358993698e-01,1.050453969948934169e-02,-4.871405729202269441e-01,-2.255313207993919419e-02
-1.573534711776422568e-02,1.654268723116460518e-02,-1.353950029793713102e-02,2.019890267435245010e-02,1.488772546601342325e-02
-1.391893704889458072e-01,9.438703068046461198e-01,-4.266166445407058028e-01,-4.400035577438692336e-01,-2.404999398386244713e-01
-8.800022100228520605e-01,-1.313898552323912450e-01,-5.580808803400942597e-02,-2.516359281281239646e-01,-7.411935698470778489e-02
3.501553980924271281e-01,4.311775568234699207e-01,-7.753860672643506646e-01,-5.960167409672052496e-01,8.609076950824652297e-01
-5.646602279944529235e-01,3.173201934691635695e-01,-1.862959399109735126e-01,-1.022903799107366396e+00,4.993295822783080234e-02
-5.333963678780468953e-01,-2.863119015473348794e-01,2.931481268030641796e-01,-4.017114294703922339e-01,5.478454679265657434e-01
-1.144311332106911494e-01,-9.990616721944404338e-03,-6.554883112387585586e-02,-2.022656450713690712e-01,-1.446691111478344283e-01
-1.506888340212885480e-01,3.923078583013817067e-01,8.936789583473034315e-02,-2.865939303108782643e-01,1.092623190247409837e-01
5.049503116478093467e-02,-2.547089167352100270e-03,-1.367124920436163689e-02,-1.343991076937992857e-01,1.661925157948142707e-03
-1.364938928402611440e-01,4.433926442703111509e-02,-2.207303775444664773e-01,-4.653206809247215636e-01,-1.980859292066916022e-01
-1.757676591685647730e-02,-3.030839071454848044e-02,-2.249162129297968549e-02,-1.315402547127166206e-02,3.632865723263344060e-02
-8.212161584302689332e-02,9.425788376555244152e-02,7.833688411919262351e-02,-5.934963204373624457e-01,-1.926412154226507523e-02
1.245994984810107203e-01,-2.999655309226597066e-01,-8.884643980931727913e-02,-7.135632929869150098e-01,6.772597504129269641e-01
1.972206773898217969e-01,1.371162337345497306e-01,-7.154790317397962118e-01,-3.059292291350445558e-01,4.611722596731074875e-01
1.729418250231735399e-01,-1.901424307419428972e-01,4.951754608167049931e-02,-1.178977387930119747e+00,8.084043063488199898e-01
-1.596181738742087283e-02,1.604789349232523671e-02,-6.255918266363674762e-02,5.050491518639416838e-02,3.329972624821774668e-03
-1.871701681648804960e-01,-1.483123224178324040e-01,-4.239734897503640298e-01,-3.090279437994379944e-02,2.903400283580445107e-01
-6.500374220465209296e-01,2.716109240470453989e-01,-1.442014657249699905e+00,-6.032025996868713991e-01,2.648987515644434052e-03
1.480754793138557013e-01,2.231957439678238231e-01,-2.457618023469642921e-01,-1.957925994711670892e-01,-1.896410707209716107e-01
-2.256717737248094616e-02,3.914471565386164476e-01,1.234648235011399642e-01,-2.593832143236390886e-01,1.801982542055553804e-01
-1.330332292260784532e+00,-4.299827943232235605e-01,-2.900799808507856792e-01,-4.962008196690648187e-02,-7.839367340596747891e-02
6.628123042623795813e-02,4.141469347083402419e-01,1.650162453433881016e-01,-5.968017206388374074e-01,9.745168598601396115e-02
-6.600382256764172340e-01,-1.794798332769364235e-01,-2.876905068125537590e-01,-7.084554820967795541e-01,-8.917999008510364700e-02
5.618704645148776128e-02,9.581306141581839853e-02,-2.814723636093742834e-02,-1.529464877786995414e-01,-8.085681647903109059e-02
9.120373285135542629e-02,-8.619233303812240399e-02,-1.291482214496241787e-01,-9.499257511496414508e-02,1.789178456575391679e-02
-1.690092266490934858e-02,-1.065120605968327035e-02,-2.410360333126643738e-03,1.176172098219352945e-02,2.180525875908926811e-02
-3.987268656427239710e-01,-1.846498843006091168e-03,-6.360392396539789155e-03,-2.203380170923286696e-01,2.347496986816186293e-01
-1.703284081526376670e-01,5.658943581044358767e-02,2.188662668735728498e-02,-2.223823895805262518e-01,-5.987344332729718777e-02
8.513167381101656161e-01,-8.862131663107261637e-02,-6.761787294117320712e-01,-6.174014628845752028e-01,7.668120408136913646e-01
-1.767351176014005654e-01,9.703252834870972066e-02,4.227834552008960869e-03,-4.524227077614799697e-01,7.581535179474495345e-02
2.138799487475894767e-01,1.718285531896417417e-01,-3.678639855540365156e-02,-6.449467962790647046e-01,-3.519095229731345614e-02
3.743791874325201607e-02,3.468914176774291064e-02,-2.091606028884049340e-01,6.776553085032152590e-02,-1.304247378770868014e-02
-2.745667703179618391e-01,7.829849864423169548e-01,-2.370811158290660747e-01,-5.669907530660702744e-01,-1.769292502485403651e-01
0.000000000000000000e+00,0.000000000000000000e+00,0.000000000000000000e+00,0.000000000000000000e+00,0.000000000000000000e+00
6.068086261223302191e-01,-6.290244057280921716e-03,-1.116866292715089706e-02,-4.581761329880452704e-01,6.844428799630816185e-01
1.638387042903764190e-01,1.933216200421419007e-01,-1.228780975186409413e-01,-3.113247724583205200e-01,-1.978108981625590346e-01
6.546009727756246094e-03,-5.513197462352994321e-02,-9.860795163515151396e-02,3.127827391120548400e-03,-1.646033092130587058e-02
8.644176981438843332e-02,3.041108979962796055e-01,1.211125181369131741e-02,-3.583294035913850428e-01,-7.800177612947052641e-02
1.304139552733594443e-01,1.663303533881648755e-01,-2.248026508302321258e-02,-8.062460738564912743e-01,-1.038047608022390766e-01
-4.307140913020732209e-01,3.432843243668113331e-01,-1.475547382897608728e-02,-9.335749430388968761e-01,8.026181513654522259e-01
-8.480682866692247635e-02,-1.739293207999695889e-01,-5.622354993025214798e-01,-2.664830030048281895e-02,-8.480494274268871382e-03
-2.296149859698696782e-01,-4.138018788620059785e-01,-9.600392796582299937e-01,-2.003806631211845768e-01,-3.448916026449136973e-01
-9.837729154912802088e-01,-6.236235817243549612e-02,-1.175544798114297462e-01,-5.504236670686417643e-01,1.373428317982759161e-01
-8.369748251912187409e-02,-3.875593312800012513e-01,2.488259576602211698e-01,-5.970529213906683452e-01,1.048816573514547823e+00
4.234300227033447883e-01,1.076172478694547463e+00,-6.934803746846724959e-01,-2.287241553477989409e-01,1.304059461985914714e+00
-1.905318018687574555e-01,4.529420417195882953e-01,-2.073868051253075547e-03,-7.229226892382652203e-02,1.221267503909067159e-01
-2.574524885320583212e-01,5.689501348452167262e-01,-3.863572296814185014e-01,-1.824515839582459276e-01,-1.752665693475501663e-01
-4.502556844136493819e-01,1.098277537559746664e+00,-2.073387884191334185e-01,-7.163567387953844179e-01,1.057648099443047274e+00
4.866299877027292498e-01,-2.890760980224788557e-01,-4.987446946473870768e-01,7.104569683667226465e-02,7.550117064003741829e-01
-7.841884009542241518e-01,-5.778159993383906734e-01,-3.856206580356511537e-01,-2.327792958145545321e-01,6.556170810350406830e-01
1.562723250026556154e-01,1.201505671382000484e+00,-6.469706825557441920e-01,-3.008921095176725694e-02,-8.491578947074786277e-02
-1.484315371491120444e-02,-1.015914326820775010e-02,-1.822205551605940790e-02,4.321403565721980249e-03,-9.502347801174150857e-03
-7.843609845135694758e-02,6.519467252991839601e-02,-4.128834343224507819e-02,3.356825123601626937e-02,5.373411371084022004e-02
-9.932447525550290590e-02,1.166862698560381384e-01,-4.164036448355175335e-02,-4.911327875159725020e-01,4.697976322180514863e-01
-1.944857101221504070e-01,-9.678546014476326065e-02,1.693473994720250120e-02,-1.734807339122776404e-01,-3.939230172778631495e-02
-1.529727722715718830e-01,-5.572442025455814907e-01,-9.471519796719988227e-01,8.478542818228641809e-02,1.279954730998783097e+00
-2.544241357658235531e-02,-2.082603217134430806e-02,-1.755928527529461219e-03,8.971910136575457148e-03,1.485350791525804313e-02
-5.525541503104972052e-02,-4.852554577591079027e-02,3.620144467750760486e-02,-7.408516758796952761e-02,6.757882661226420618e-02
1.937165254586012408e-01,4.796448913736905961e-01,-1.294440740342809870e-01,-3.470107078660409350e-01,9.738189544361906813e-02
7.320956056256030520e-01,1.447517761905395273e-01,-6.449272444647108360e-01,-8.023269664229443210e-01,7.247119478395669390e-01
-4.319526227922638184e-01,-2.461708043330891882e-01,-6.803140831388024279e-02,-3.520264313590812377e-01,-6.026101719488221459e-02
-4.465399597858141223e-02,-3.379192096658528710e-01,-5.439440453308016510e-01,-2.702242800368455100e-01,-1.962604024741258224e-01
-2.251853481788662348e-01,7.600527382871799520e-02,3.262516428513546896e-02,-1.766749738487141397e-01,5.706651446760700741e-02
-2.474872519948210364e-02,4.969937199477232614e-02,3.124731091911248440e-02,-1.079034019722498877e-01,2.886584395249033180e-02
9.924406480840343436e-02,-6.290851116639233076e-02,-4.233214614632409001e-01,-1.257698418245572769e-01,1.901254407782512201e-01
-2.129514063033088322e-01,1.979353575107046723e-02,-1.903541475983674264e-02,-1.436797252985893003e-01,-4.369975870977945570e-02
-4.130202434353207330e-01,1.355234229236911059e+00,-5.390273854034571821e-01,-2.302048127582841663e-01,-7.253153315443354454e-02
-6.068080584460117111e-01,4.855445424785872488e-01,-1.156828445536754180e-01,-4.310990235513471047e-01,3.373996282563846982e-01
-3.633781759756573443e-02,1.025367326573169091e+00,-6.981049660982954763e-02,-2.622286288401000642e-01,4.954190302468240992e-01
-1.507625874927673582e-01,-3.870977429115376456e-01,-1.479062559731933735e-01,-7.696000547776054024e-01,5.053259046833164653e-02
7.594825859825212258e-03,1.974908406058809573e-01,-1.704247567115318440e-01,-2.561712237821211491e-01,-2.289817594547381985e-01
-4.861984745121981227e-02,-2.101616124463442370e-01,-2.915264712890591192e-01,-3.454725738312495742e-01,9.798427908552863330e-02
-5.384889647056374518e-01,-1.935082064534243695e-01,-1.388382933310394474e-01,7.149199654982968388e-02,6.657692943586317191e-02
-2.393629526820351128e-02,7.197677812787439330e-03,3.473423059511104166e-03,-2.076541809323494484e-02,1.100786037771127324e-01
6.408003521700065264e-01,-2.983799955423318759e-02,-1.268170809614352357e-01,-3.532927702303165218e-01,6.677892377955104708e-01
8.439102259910927217e-02,-4.104180833043515886e-01,-6.828121865212847252e-01,1.271906518253116125e-01,1.218100026362067156e+00
-1.567476289818125201e-01,-1.122507550238949769e-01,-1.519809881351364411e-01,-3.484175997192618390e-01,-3.887116096267029426e-03
1.741880985915107427e-01,-5.131218546693073757e-01,-4.125854972639617646e-01,-3.358381268972384648e-01,3.980236941478950130e-01
-3.858741797840682664e-02,1.862670613468051517e-01,-2.700144438293292648e-01,-1.497898968689728716e-01,-1.305191410434875243e-01
-2.911411434788332420e-01,2.727288620542527367e-02,-2.832067987563121059e-01,1.573159902342775862e-02,4.959730636949340361e-03
6.729884151489248234e-01,-2.192762559948583517e-02,-7.892190227059141527e-01,-2.750796922552042889e-01,3.347331579984769712e-01
-2.175526408594428418e-01,2.385051945027548692e-01,-4.249059997933481991e-01,-5.966738807599963890e-01,-1.941270191979575233e-01
-3.442085823657250465e-01,3.909376908729078615e-01,2.574020068962460939e-01,-4.737825562244822319e-01,3.359875673538273988e-01
-3.783510377809405634e-04,6.245717226146395989e-02,-8.453029210713938757e-02,3.747980153821232896e-02,-1.560635827490951949e-02
-1.333182868222967665e-01,9.720491599430898522e-02,-8.298341371101594643e-02,-5.050509651025851809e-01,-1.526063073886468890e-01
1.467790783798096632e-01,-2.239017092717109775e-02,-1.486017017446656374e-01,-6.068657768727848678e-01,-1.378500842604872025e-02
1.523294373882708771e-04,6.243178099457469266e-02,-1.302850620045011877e-02,7.674975527626257468e-03,-2.921479226875314372e-03
-2.945570391508371966e-01,-6.387393452308312569e-02,-1.441652536105177684e-01,-8.281579393439589820e-01,1.348947809939436138e-01
3.288132011151961853e-02,5.626276791118159371e-02,4.959539050567155286e-03,-8.146034841701117746e-02,-9.329452214224756221e-03
-1.407821804004054655e-01,-3.144409599706322195e-02,-2.821850198144465471e-01,-1.010016275585405632e+00,8.941904169239363043e-01
-1.580918587527485597e-01,3.083303332059239010e-01,-5.328884407385642286e-01,-5.676417357479237591e-01,-1.525936896599464909e-01
1.208588264712840039e-02,3.349621193841727518e-01,1.497612429971887371e-01,-7.715606158885556232e-01,1.919449140841603466e-02
-4.398792726663917074e-01,5.081555408979648858e-01,2.165060430928017754e-01,-1.004686820238674505e+00,1.894559795407199654e-01
-8.299293560831487726e-01,1.073808658732839261e+00,-7.516120676632880304e-01,-3.735211197124446714e-01,-2.007718014694580277e-01
-2.198547677549031187e-01,-3.791271646425769387e-02,5.483061780844875749e-02,-4.108765109182064834e-01,-5.118642379242879098e-02
-1.617986089149798246e-01,1.994644719565027424e-01,6.635291115514499634e-03,-1.036906210256568761e-01,-4.694099763531283526e-02
1.201549727863825551e-01,-6.317238408845780862e-02,-3.915550160170842564e-01,-2.445372285052458683e-01,1.307809926448875171e-01
1.591367474378850566e-01,3.564536362115885981e-01,-2.651879737601739798e-02,-4.065199117409904472e-01,-1.604903518838490528e-01
-2.086847739889905184e-01,1.382549264754277252e-01,-1.732387239287585742e-02,-4.034935028422997894e-01,1.553456976597553107e-01
3.634529604301239281e-01,-1.419771202718184133e-01,-1.197165862668737174e-01,-8.951292139550486304e-01,5.848844069188021688e-01
-4.871904883637548367e-03,4.105022856761704197e-01,-1.467853468091226687e-01,-5.404615057363655328e-01,-6.051442050353091767e-02
2.210444249655523774e-01,-2.788592912927085887e-01,-7.746289168752360510e-01,-1.014173553068430822e+00,4.213436557224611301e-01
-7.894354235483884430e-02,2.045912769442180187e-02,5.875857035391406080e-02,-6.459080750181913633e-01,-1.107273828802911586e-01
0.000000000000000000e+00,0.000000000000000000e+00,0.000000000000000000e+00,0.000000000000000000e+00,0.000000000000000000e+00
2.056995720711493059e-01,1.081058622870857411e-01,-1.017757449633643896e-01,-4.889968233028388345e-01,-1.593051582907727692e-01
8.764831250514852623e-02,8.437441525126876396e-02,-6.624593955476205942e-02,-1.428103963194405912e-01,-1.115196782598625591e-01
1.936196194778855573e-01,2.884455641771499490e-01,-8.369428650293668781e-01,5.001648908693282760e-04,8.123521244238828265e-01
-1.634382634061696538e-01,-2.139594045128303534e-01,-3.863420111115794392e-02,-5.083521714279904957e-01,-9.546248861293692156e-02
5.965102503745058904e-01,6.680572679186769225e-02,-3.852562554449601717e-01,-6.464672464335066149e-01,3.007121056393020075e-01
-6.373061839075763735e-02,6.341577096850619100e-01,1.637898066916864404e-01,-6.589966212959088576e-01,-6.860997410510613626e-02
-2.707988295467089745e-01,9.047678297609214326e-02,9.434474732268527050e-03,-9.993077327140016675e-02,-3.124488912353639777e-02
-5.211772164386043737e-01,1.108919836590734231e+00,-1.723213992978963383e+00,4.492077976648378712e-02,3.713023780811102181e-01
9.142446900235549900e-02,-2.061796486716284960e-01,-2.641594309785015929e-02,1.717547736713542181e-05,4.102987861987900109e-01
-1.962030659351950146e-01,3.269339776873439463e-01,1.449234276238516583e-01,-6.074354510541287722e-01,-9.531085619213809645e-02
2.012993150433305817e-02,-2.700291607576224551e-01,4.272494300423996388e-02,-5.121440169820195010e-01,3.225506590693558162e-01
-1.675822072739484303e-01,-1.902209182206597571e-01,-9.888174665084556447e-02,-4.302126575705006450e-01,-1.655752446180610848e-01
-2.936207453960462677e-01,2.746727840883637084e-01,3.829556037094162257e-01,-7.446234181806031804e-01,9.391525067250731107e-01
3.122314390437529452e-01,8.890177114356190291e-03,-3.423177905673701615e-01,-7.690524138717527158e-01,8.103024684662125943e-02
-9.667769455013445201e-01,-3.503303832800483963e-01,-5.826402258317599225e-02,-2.207328559495782550e-01,-2.700962186811837161e-03
-5.762661935834197946e-01,5.074595375434789446e-01,-2.080032596203172657e-01,-5.265369941504045581e-01,1.367733659664877310e-01
-3.840316324970824979e-01,3.069677128180865466e-01,-8.669314547023819761e-01,-6.276797552450151807e-01,8.709849380752879844e-01
-5.644102167908534966e-03,-1.063961022300758952e-01,-3.181364752853409472e-01,-4.620829461108147407e-02,4.026603636903137301e-02
-8.038026141046157591e-02,1.869600898006077427e-01,-5.851284203145246110e-01,-8.648342290279513733e-01,4.134653871202151887e-01
-1.092711187983449496e-02,-3.378668469940093733e-01,-2.345348632264694366e-01,-7.682177249259214413e-02,6.009874124084753078e-01
-1.155449489031157018e-01,9.617767563037100606e-03,-1.821177551198029376e-01,7.151825903889652558e-02,-4.500988300901574701e-02
-3.500783583177807246e-01,4.373400476012824153e-03,-8.129000052946400157e-01,-7.163698773293247779e-01,-1.698223675495185436e-01
-1.007181055794359181e-01,1.062956450966736355e-01,-4.746359130099249424e-02,-2.257667135360406918e-02,3.281198528493475125e-02
-6.246288244424402780e-01,1.323852185692688255e-01,-9.562258381956771913e-01,-3.816567609127607952e-01,4.660439545025552022e-01
-4.266910448714599652e-02,3.446009811592268962e-02,2.021583160185506239e-02,3.969069481701720942e-02,7.594002751353458314e-02
-9.869008572095380738e-02,1.094902382186231510e-01,-5.954341697809787531e-02,-1.507636727340133376e-01,-7.023232582746037102e-03
-8.127304717497367548e-02,-3.988011858315209102e-01,-3.355232351894545939e-01,-6.563662887069370289e-01,1.085198747315663410e-02
-8.995248546639107445e-01,1.219779626558782137e+00,-6.365191630579195570e-01,-6.850128856497720298e-01,8.864678391143586411e-02
8.926169384470859780e-02,-2.916570178225151855e-01,-1.977545239595201454e-01,-2.621080333000733731e-01,3.282558147378699526e-02
-7.934654438931915132e-02,-1.750937906619686180e-01,-7.970493081612319008e-02,-1.809657482377611815e-01,-1.090262835763791682e-02
-2.269786917934900894e-01,-1.105721470765685527e-01,1.386931307493151355e-01,-7.867951901594455455e-01,1.135278623788662095e-01
-2.410688722008472173e-02,1.648885944680789917e-01,6.950684170235107984e-02,-1.134785259021959813e-01,3.195186967724787663e-02
-2.639981480803612213e-04,-9.952675701270967748e-03,-8.628593812804499427e-03,7.351576287934715424e-03,8.033267948918679929e-03
1.455297357524808904e-02,1.155836295827765009e-01,3.673540949253054771e-02,-5.791961086339497689e-01,-1.250594749183274179e-01
1.614210935838462924e-01,2.838138195865470836e-02,-1.621840298757596943e-01,-2.985226584537969408e-01,-6.571098172352103639e-02
1.870144046336338350e-01,-2.774468108069246264e-01,-5.059939661327191862e-01,-8.382391520097406401e-01,5.358426101676477815e-01
-4.608856030704210349e-01,4.097613191393925103e-01,1.286340460952934417e-01,-8.483738575952495253e-01,-1.364321555624522508e-01
-1.042527219513162129e-01,-3.986389489778678456e-03,7.437083231311444886e-02,-3.618133811912235126e-02,6.438639071911453349e-02
-1.571612512942550249e-02,4.915428131419207619e-02,4.249597072893251254e-02,-8.268341068244711156e-01,1.730030838497349441e-02
-6.687943477886887367e-01,-3.008905217802228527e-01,-1.519329822749563019e-01,-3.473178225261287777e-02,3.320884911850331862e-03
-3.893762138820847443e-03,9.162712346973980954e-04,-3.996708454150493112e-02,3.214448653845781989e-02,1.438697017574582133e-02
-2.886268206805231440e-01,-3.477594109972985681e-01,-1.170997425104647466e-01,-5.248978073202210659e-01,-9.149204203111113709e-02
2.641837905382852791e-01,-9.908763048031180021e-02,-1.714463235578564282e+00,2.486038023766054261e-01,1.434621319823074170e+00
-1.314506113954620747e-01,1.271650998218497586e-01,1.122830987270201503e-01,-9.237586001527613166e-02,1.200458222591905127e-01
-2.350616378166748600e-03,-3.514980192451619325e-03,-4.369101342170960550e-02,-4.994833501422740740e-03,2.758511828287635477e-03
-6.608793769945413565e-01,-2.221389925905654927e-01,-4.342160861819015227e-02,1.816524611355144897e-02,1.256130802083049169e-01
-1.167669484997917451e-01,2.540205723308529631e-02,-4.110167086635040379e-01,-6.633389174744534766e-02,-5.565006478796225009e-02
-1.505896353586926584e-01,4.956754548137404792e-01,-1.221484127579927359e-01,1.646187203914723785e-01,1.915370336640975779e-02
-1.796808667020308170e-01,7.192642804002667700e-02,-9.535902584582215402e-01,2.310671973066268925e-01,-1.694086170167361238e-01
7.618800050837891413e-02,2.851634453674459224e-01,-7.847038913654139081e-02,-6.826741899785627732e-01,-2.816978149276930798e-01
6.743233383420224047e-01,-1.486834600830125863e-01,-4.275123066352627399e-01,-4.715546337023325263e-01,4.236166643610485005e-01
4.094860931494295753e-01,-7.782876420099212877e-01,-1.305982671555094843e+00,1.185294387159382679e-01,1.570410788738047403e+00
4.794738117631622970e-02,2.202476294653046562e-01,-1.382348631120855209e-01,-5.160006226243105121e-02,-1.156800369555722185e-01
1.051255515721910387e-02,-5.229791186709979028e-02,-1.087442231531431935e-01,-5.573295223117225895e-03,1.529417252473582768e-03
-1.757517031438985411e-01,1.908620614065080490e-01,8.619227556585583316e-02,-1.839978871873396982e-01,-1.285391142129459902e-02
7.849887001280675403e-02,-3.396930859234405520e-01,-6.445707322685378937e-01,-3.964661464265354374e-01,-1.345813595099169535e-01
-5.185249693576124419e-02,2.240300830260818776e-01,-1.140617025630124154e-01,-7.099091155385405250e-01,-1.886071621170948565e-01
-1.083244511390416331e+00,4.587818143733182197e-01,1.451348492615310293e-01,-6.126812889512016636e-01,1.800942741128851166e-01
-6.675068830574687473e-02,-2.823388994952431234e-03,-1.805711907398471205e-01,-5.163638361250264541e-01,-2.009567878091474691e-01
0.000000000000000000e+00,0.000000000000000000e+00,0.000000000000000000e+00,0.000000000000000000e+00,0.000000000000000000e+00
-3.606351807097765011e-02,1.045285928495655325e-01,-6.194422694097362347e-01,-5.355692568680747723e-01,-1.912819032569246513e-01
-3.076681910692604105e-01,-2.872108694882543611e-01,-6.895570754516845702e-02,-2.238396802709007594e-01,8.113316030156306202e-02
-9.820519290948460656e-01,-3.697009885786131100e-01,-8.115437067537341342e-02,-2.059885157230438302e-01,-2.349340000522681313e-02
5.568390554753392951e-01,4.752739320091161623e-01,-7.799311142899751914e-01,-5.470675770634984003e-01,2.490950693180647990e-01
-7.536276641954718913e-01,1.945689885902038618e+00,-1.050497115327724940e+00,-2.958955042595626805e-01,5.108636983335829163e-01
-1.869038727320340154e-01,6.290037527006504536e-01,-4.345516180334058620e-01,-3.688201696014417053e-01,-3.377803147607794654e-01
-1.832970575789956147e-01,1.059711683512457814e+00,-1.285180467296629103e-01,-2.381278368589383743e-01,1.857005369723212507e-01
1.349109479138857481e-01,2.438478003422612887e-03,-1.078320696179845828e-01,-3.149355712643115979e-01,-1.458859920484403550e-01
6.914509967011275293e-01,1.928238109745368523e-01,-2.924198675594807395e-01,-6.625049101489128844e-01,1.686346518699755048e-01
-1.183714435985106395e+00,1.415734418060629940e+00,-1.042561544082416081e+00,-1.481906084977415057e-02,1.069431867050146812e+00
-1.418543064738811248e-02,-1.200326716185317298e-02,-8.117737390049225427e-03,1.834300129108810268e-02,2.376410363839916162e-02
-1.624191582213755855e-02,-8.615997084753419799e-02,-5.967234999619668301e-01,-1.040106144372172081e-01,1.545458062116600084e+00
6.364369407652242794e-01,-5.367345453288231427e-01,-8.415630567168859155e-01,-2.509041465631433598e-01,7.415281085832131636e-01
-8.386756105064973044e-01,-8.112313002419663244e-01,-1.758232472488313602e+00,6.730095275988687807e-03,1.056605165725503337e+00
-2.632416319261540183e-01,3.550789581910157588e-01,1.136727675282106359e-01,-7.692347265398780110e-01,-4.182265321937860686e-02
-1.375093474859810372e-01,1.393224189016482317e-01,-1.546824279165423810e-01,-8.824851126482075037e-01,-2.495224470126408342e-02
-1.808330457086719245e-01,2.712256748597779432e-01,-1.071779535510574005e-01,-4.962958584512073834e-01,-2.323859149454820805e-01
8.259917937100796914e-02,-1.536023464593138863e-02,1.665347635006889926e-01,-4.202759665673260203e-01,4.585323203260326941e-01
2.264417394324087229e-01,-2.562889814140960620e-01,-5.356024247884138001e-01,-8.221705968636351392e-01,2.005635024899399266e-01
-1.539360647704563767e-01,1.274282999791269411e-02,8.601425177062484162e-02,-9.653117255141915876e-02,9.291414934554870220e-02
-2.631498271582752291e-01,-2.980808414322488331e-01,1.696551062886416106e-01,-4.599700770138873129e-01,4.266633594548716046e-01
-1.027290005564470005e-01,-6.867870581687159082e-02,-3.861034103706937476e-02,-7.082552451493141776e-02,-5.720768092327230964e-02
-2.502746590782525815e-01,1.436081559782900752e-01,5.267250703197480510e-03,-5.767392673463397346e-01,1.844289322678960008e-01
-3.365955862161594814e-01,2.302859379094580328e-01,1.277620697194989385e-01,-2.824077316520653413e-01,1.467124463860928485e-01
-6.893559560880194725e-01,9.275522323699902927e-01,-1.163754997079325726e+00,-7.094034686936320777e-02,-4.946232744899060618e-01
-5.997436826927788900e-01,-4.982464362863099350e-01,-8.265389161108747107e-01,-5.106818782215777341e-01,-4.215181353785453777e-01
-5.170936893878703977e-02,-4.010666191875063569e-01,-5.067356361016640554e-01,-2.282966744512482937e-01,-8.374066000203891913e-02
8.809563013209865956e-02,-1.849952946141258103e-01,5.533721117572550086e-02,-1.832432306821635548e-01,2.839346998153468027e-01
-2.339086717017569428e-01,2.196713329663548542e-01,-1.161149908861280750e-01,-5.160427215895042607e-01,1.856925168822194938e-01
-1.837949480668422397e-01,-3.740330624491323142e-01,-6.880731628581741033e-01,-3.012347655543531899e-01,1.340674719523187397e+00
6.276282617867419145e-01,-1.708193295229366304e-01,-2.890433972936837792e-01,-4.439121660168092731e-01,1.045298516650149168e+00
3.234264501909104306e-01,7.044369295879967519e-01,-4.276012996308939940e-01,1.711958363412190709e-01,1.497743808314988101e+00
-6.127727888327378913e-01,1.349099081968404334e+00,-1.793601721098932122e+00,9.447644684498499035e-02,-2.074349498588487495e-02
2.783474789732116594e-01,3.007316022992211346e-01,-2.275458420563246931e-01,-3.451993094108782856e-01,2.254857839195670011e-01
-2.881997676209520007e-02,3.977125910808022580e-01,-1.361295517756412332e-01,-3.127747133185047046e-01,-1.938452639409657119e-01
8.764831250514852623e-02,8.437441525126876396e-02,-6.624593955476205942e-02,-1.428103963194405912e-01,-1.115196782598625591e-01
4.405257667554775269e-02,-3.985260589094629519e-02,-5.393281131587072258e-02,-1.017123060136316537e-01,-5.263498817841009286e-02
-1.026925358938785698e-01,-8.663088476777716651e-02,-3.779698095514744810e-02,-7.314681436912058576e-02,-2.227154125764677084e-02
-1.148556130030131683e+00,-5.723039721724501039e-01,-2.291861523761565544e-01,-1.884319599677219403e-01,-1.110614620565582161e-01
-3.849823280727096564e-01,3.546548322904483630e-01,2.802814596630675004e-01,-8.851989396526289688e-01,1.996810877329080469e-01
-2.044877341924686287e-01,6.033033220165514576e-01,-3.555788358457205589e-02,-1.905549571428018507e-01,7.393140350641561054e-02
3.668859595177736965e-02,4.861689120704040107e-02,-6.732410483595720196e-02,-3.105969224168780851e-01,-5.485653990437203836e-02
-4.344897241229978002e-01,1.822397138296468988e+00,-1.297476596158744888e+00,7.491723660087243331e-02,4.214690509726352619e-01
-7.355049291038104897e-01,2.903823967445972598e-01,-6.194148659954151759e-01,-3.873963477582956783e-01,1.134757768771608388e+00
8.141649238162138383e-03,1.558618877197098518e-01,6.536347289864820158e-03,-1.520818696376055046e-01,-4.712190203289579743e-02
6.827394451056257967e-03,5.291776302510336344e-02,-8.089095135836299466e-02,-6.809907359710032360e-01,4.578815670909881508e-01
-2.922411494044219356e-03,-3.783699582331388478e-01,-3.564211640919258683e-01,-1.502365812578484484e-02,5.588651260784776031e-01
1.702715316303881343e-01,9.753559804208596085e-02,-6.377278147551539156e-02,-2.763720898892735311e-01,3.363027563773858808e-01
-1.485722768048130249e-01,-5.083132330512137032e-02,6.219460338652565631e-03,-5.023481910090275004e-01,-8.464984939217985727e-02
-1.609842931408785385e-02,1.176280559829010613e-01,-1.517364895162132965e-01,-1.847738362598871642e-01,-1.262069562432831249e-01
8.177116119771543623e-02,8.369160034850855467e-01,-5.556111379670434225e-01,-4.427310759157739306e-01,1.956769245435326654e-01
8.143546421702863025e-01,9.732564052039455182e-02,-1.926952134333039801e-01,-4.296688758929253504e-01,6.898690700312808399e-01
6.632778239575978828e-04,-6.707558358521424624e-02,-8.031110380316208719e-02,3.200051113863110544e-03,3.779543584357435843e-02
-1.998701615473184590e-01,1.596339021124299484e-01,5.507062208412422111e-02,-1.810950719241827545e-01,7.696424318783366345e-03
-3.272174004216765741e-01,-2.835095024191262580e-01,-5.891340762697044875e-01,-9.551731784550846482e-01,-5.786590059547017106e-02
1.936959491125417321e-01,-1.774395753264757236e-01,-3.532654598673532487e-01,-7.473079991115179066e-01,-2.126060671742558902e-02
-3.563870919328188669e-01,-5.644588213664748499e-01,-3.797247519320949283e-01,-6.759739058504838916e-01,4.448643672061283194e-01
-1.874738216940637636e-01,1.990601253659843861e-01,-3.155014160982579363e-01,-1.038180000439951955e+00,8.575335347941280828e-01
-7.099550000450656484e-02,2.122351515058177596e-01,7.162756660442003154e-02,-4.658875022030251056e-01,2.226845981931150839e-03
-2.256017496011308410e+00,1.187997584618707858e+00,-1.521620142197599002e+00,1.584660634959639047e+00,2.807816572351159223e+00
-7.966967467235040734e-02,4.843293220377008906e-02,-3.133112825597885592e-02,-1.497908230991445988e-01,4.528997338765898550e-02
8.764831250514852623e-02,8.437441525126876396e-02,-6.624593955476205942e-02,-1.428103963194405912e-01,-1.115196782598625591e-01
3.601448519304178281e-02,5.498947032226343679e-02,-4.153698335565999405e-02,-5.351144100700487849e-01,-1.590219390719619652e-01
6.655410487197730429e-01,9.134590384605822608e-03,1.076007726322296687e-01,-6.525649439293070841e-01,1.071913847009858589e+00
2.988950823964905967e-01,1.049522214333561410e-01,-3.253918827388850299e-01,-3.022079185285319047e-01,-4.872187602084049329e-02
-8.521177668470408806e-02,7.683690115112550012e-02,-1.125309678641229078e-01,-6.032134074832673498e-01,3.209065420099488364e-02
-9.611488633870908516e-02,1.075842854605654764e-02,3.101414654208918195e-02,-3.591900447705437260e-02,8.440919391038786967e-02
2.025965021001789046e-01,3.448613788607705066e-01,-9.076613446212272729e-02,-4.890568198239751418e-01,-1.501100462735683594e-01
-1.192838689217018133e-01,2.142049162872339263e-02,-2.570626943961431543e-01,-1.820792491729624207e-01,-1.854362922560134630e-01
-6.846827726424544736e-01,-3.503591626089599953e-02,2.734895438758601083e-01,-9.894964983454714869e-01,7.685341004710665169e-01
-3.711545275071577166e-01,-2.926132219273334112e-01,-1.522636126493859487e+00,2.853186722327706506e-03,-9.131513988396436354e-02
-1.917212478178794144e-01,-1.124764080114233067e-01,2.452913835091134406e-02,-1.908814516060342303e-01,-8.102460340901562752e-03
-4.317704843659765646e-03,-2.426142422938453447e-01,-6.328943499384090954e-01,-8.729568818698514310e-01,6.054095092695683800e-01
1.121557648898939691e-01,1.338558900142840513e-01,-1.669928196762489325e-01,-2.561650640249144018e-01,-1.829595954530172930e-01
-4.168373998115111785e-03,-2.299048707720037239e-03,-3.530735546962969506e-04,5.925405734358706348e-04,6.291682451490056326e-04
-7.963680449959026353e-01,1.898132903468051358e-01,-2.132022854339955809e-01,-7.498428577781527382e-01,1.066493379453891555e+00
-2.400435443461018323e-02,-9.170513742832562751e-03,-1.534065669233754606e-02,1.809018590767620671e-02,1.742984079825668151e-02
-7.641220108103836950e-02,-2.863662365645657237e-01,-5.396438287455178617e-01,-7.192917803775061847e-02,-5.493899932985299439e-02
1.153918060216903713e-01,1.772095032812517901e-01,-1.066286448696599984e-02,-2.589768112316510607e-01,-9.388890575412257855e-02
1.030184617206689052e-01,-6.328501809201643458e-02,-1.562702020934524372e-01,-9.087741186291368178e-01,-1.011098626947595433e-02
-1.950021347057075138e-01,5.077179921455639011e-01,-2.714219085797535125e-01,-8.115359078835912010e-01,-1.784955264592817947e-01
-3.053457003751065477e-02,7.430112432047138171e-02,-1.602066142463230702e-01,-7.322163844239533148e-01,-2.041838902126808797e-01
-4.054491392255156479e-02,1.222537549682412461e+00,-2.961237494244468582e-01,-4.046523619104132607e-01,-1.072551684303518077e-01
5.221625579191396804e-01,3.362365504863810695e-01,-7.743004168735745374e-02,-8.529307664112445453e-01,8.488305172892185446e-01
4.685938461666225852e-01,-2.064821223380329807e-01,1.974567994942284799e-01,-3.314618771513965778e-01,1.130034608312180389e+00
5.235963568102878218e-01,1.055588245362716199e-01,-3.970696809523327486e-01,-3.867873126492336611e-01,1.530310727478775945e+00
-9.697192505605755491e-03,-5.576879593492440473e-02,-5.449499705068623634e-02,5.737631160729680414e-03,4.440268478009308517e-02
4.818646719603120188e-02,-3.583927239138363086e-01,-8.520311268995392484e-02,-5.862775316278928672e-01,3.080259969408107312e-01
8.036399261126679627e-02,-4.253829213479534688e-02,-1.673071581776908734e-01,-1.638410512474705594e-01,1.399867767383903505e+00
-3.913152012651556211e-01,2.519136176778618563e-01,-1.598708238296950301e-02,-5.148779440654218664e-01,-1.269781786376436850e-01
-2.475421846851662833e-01,6.213403615872934438e-01,-8.070715933724247337e-01,-2.913203268982549332e-01,-2.943289941482975514e-01
-2.667768880949067944e-01,5.415700749327084784e-01,-1.027952536017812529e-01,-8.214240566226285178e-01,1.309229988444922999e+00
-5.664991332982934891e-01,-3.275788655099934887e-01,-1.916029959190721221e-01,-4.936245132840244021e-01,7.300693703094915388e-02
-1.729069115977001359e-01,-4.242198426070509926e-02,-3.901047970287469524e-01,-8.197205320420947183e-01,-1.385906673257187860e-01
-1.273004111113710257e-01,-1.145691937254671583e-01,-1.283426054644273007e-01,-2.289790335869956728e-01,-1.061715885161950562e-01
1.397066705883054025e-02,-6.666507523187931161e-02,-6.927833651777404178e-02,-2.885085242841605585e-02,-1.080959000246430220e-02
-6.095852713567178130e-03,1.832324160357812204e-02,-1.683959105962298895e-03,1.803305230709761897e-02,2.435737715363644335e-02
-1.881442583339343610e-01,1.301026443432321766e+00,-1.131662247966162438e+00,-3.575896941116962768e-01,5.861655986734404244e-01
-6.332016808653270212e-01,-7.165509783400958455e-01,-4.004347110803527232e-01,-8.102711595812556178e-01,3.982939603889314450e-01
-6.747509194483575223e-02,-3.707534375435891233e-02,3.136380562008419387e-02,-2.498518112776250757e-02,7.385309053305795512e-02
-2.113829764209771978e-01,-8.192565388918568448e-02,-5.596305726673154179e-01,7.614006620318768126e-02,5.323721885446101032e-01
-2.397383257310811006e-02,2.049735882921105423e-01,6.628583396532192196e-02,-1.602206357330422104e-01,5.073346631865984641e-02
-2.231204930642858575e-01,-4.147305273785882873e-01,-2.633932134774373823e-01,-7.967210869647685101e-01,1.350277869566278932e+00
-7.742100494780954634e-01,1.067296192386959719e+00,2.160761256054147816e-01,-5.504660469247522059e-01,5.016791983844771652e-01
-1.426473912102404519e-02,1.645177027539576897e-01,1.625318563879921824e-02,-7.111770695219503391e-02,3.208017512618673711e-02
-9.892719674297903443e-03,3.126131619261544869e-02,-1.424938388591608790e-02,1.639985458391962289e-02,-1.008029707180018450e-03
1.218551079808298868e-03,-1.468182030485640499e-01,-1.347693835200900470e-01,-2.103813388926289163e-01,-1.036180968087442034e-01
-2.859747893881380704e-02,-6.449922311714545442e-02,-6.475540759625944554e-02,-1.800301689539345051e-02,5.120301632500939837e-02
-5.370121862097777116e-02,2.005491326118522266e-01,-1.080887831377965597e-02,-4.057897527923481906e-01,-1.569834676915776439e-01
-2.607709963873857673e-01,1.372688201730813962e-01,-2.214044611554856212e-01,-3.397489613111336348e-01,-1.324976785085910103e-01
-3.888535297117421963e-01,-5.660795951696755840e-02,2.099096343349116933e-01,-8.901841600010138578e-01,2.049766522721039597e-01
-9.765432652578579509e-01,-2.538955889667433574e-01,-2.132205852041138827e-01,-1.695432893334038182e-01,-1.374845333705780603e-01
2.237585634830071279e-01,-3.472562609032076031e-02,-3.561849768613859490e-01,-4.197766587009644224e-01,-4.715051366925821635e-02
-7.221382391888037100e-02,3.150703098346143149e-01,1.663576601136172173e-01,-2.357430644471829040e-01,6.923537679963502611e-02
5.663113748410670834e-01,5.277458232231050372e-01,-3.229914195563824558e-02,-2.369042817960535507e-01,8.222846419778051530e-01
-1.134901495152015466e-01,1.080326884756709765e-01,8.809595500209735364e-02,-2.521792306433461861e-01,-2.503898915164173497e-02
7.801842722382044959e-02,8.127462135908508634e-02,-1.631057819329578829e-01,-2.667687427534061184e-01,-2.770289844013539352e-02
-4.585937369612871906e-02,5.479316229546425665e-02,-5.904492398270239084e-02,-3.613706098559880120e-01,-1.901915173127859404e-01
2.211666905781134729e-01,-2.692544704896819852e-01,-4.163964659079884001e-01,-8.371733105256036200e-01,-1.101802339829526384e-01
-5.886458431189025564e-01,-2.347907843552949347e-01,-2.344829257501044872e-01,-4.152117000877272313e-01,1.350388765199198815e+00
6.050897682996689286e-02,1.525362639369250151e-01,-1.381251324144520398e-01,-6.121443665871564160e-02,-1.045781857426792971e-01
-5.744130196602605792e-02,2.368341139853044966e-02,2.575975246155315368e-02,-1.725681673291357132e-01,1.128692205897135342e-01
8.793627158317869619e-02,1.812653397105972453e-01,-1.315502973551407329e-01,-7.968378187130066292e-01,3.649874655633073561e-01
-1.485561285783019991e-01,8.121610196422449079e-02,1.232169968481947459e-01,-1.692532771592455132e-01,1.548153586301317941e-01
4.887055138478982874e-01,-9.425126953618888359e-02,-6.765999030747151810e-01,-4.090193383544628580e-01,1.362266783921106950e-01
-3.515139886777324252e-02,-9.038180085583606693e-02,-9.809045490954713953e-02,-2.265443456145741496e-01,-1.219894976713612605e-01
1.010801376589552103e-01,1.374742483508723523e-01,1.017651312636226775e-02,-1.964784011501169714e-01,-3.651285549803520714e-02
2.281374406918570130e-01,8.407593369527197047e-02,1.262475961875835460e-02,-5.681521228207899732e-01,6.107808734136233042e-02
3.847598390250657752e-01,-1.704922595076083236e-02,-4.431175216983807008e-01,-3.711658156096205863e-01,2.801086137764824402e-01
6.623411876728957370e-02,8.467579470089202365e-02,-5.942944601680758693e-02,-1.307914268126962321e-01,-8.166488213425771026e-02
-1.206910544282874254e-02,3.832870686122666348e-01,3.318444499890033095e-02,-4.107895988863482506e-01,-1.124886057374087922e-01
-8.558593109944898636e-01,-7.663174421421013564e-03,-8.746951916182944820e-02,-1.172807019557102204e-01,-3.172104856173701970e-02
-4.722276671196991293e-02,1.571367230034620699e-01,1.322698919862140424e-03,-2.300549987962360043e-01,-3.831684964030076385e-02
-1.314141489270872695e-02,-1.947340879388246996e-03,6.824712950577015678e-03,7.859951254282571131e-03,1.624684361028634616e-02
6.555436352260261001e-01,4.692396946722413031e-01,-4.880519438939100452e-01,-1.610643741545751406e-01,6.011906943588732899e-01
-9.987674730802202916e-01,-3.399435345538324715e-01,-2.918976096678664311e-01,-6.411671174056413069e-02,-1.092729745209697068e-01
-2.454033027489702645e-01,-4.710687306008732866e-01,-1.665885904587578237e+00,5.471988044931980905e-02,8.895639697937457457e-01
-4.066378368863458707e-03,7.489672162461767646e-02,-1.551237523572124299e-02,1.490494272166927037e-02,2.030206660394622692e-02
-7.693919271735508159e-02,1.249877710178383533e-01,-9.584221911226089782e-03,-3.369960330621623590e-01,-1.487756853114650946e-01
-1.438499031543859219e-01,2.325592945354961472e-01,-8.514570076610235294e-02,-1.040670315856152967e-01,-9.516213111287528947e-02
2.271667328903994448e-02,-4.379947690718050124e-02,-5.211580839276534760e-02,3.801823677792480483e-02,8.577516042408452057e-02
-2.895207801559466776e-01,-8.559692824471548667e-01,-6.950596031462071833e-01,-3.801055642871811746e-01,-3.425701065328992656e-02
-4.734319281869845408e-01,9.076931223578673658e-01,2.413734478355818169e-01,-7.060550834686684096e-01,4.301105084973670389e-01
-2.596709632241146759e-02,1.310830627967584372e-01,3.019642795315807121e-02,-5.533349915194896163e-01,2.080901565556476929e-01
1.123636234284279417e-01,4.385633165351252027e-01,-8.287771587878455248e-01,-1.956777852927658878e-01,1.056530743097066516e+00
-5.621187548688050262e-01,-2.229208019649980277e-01,-2.844177829691451054e-01,1.590171718526729727e-01,7.320618886862260977e-02
-9.925911814208338013e-02,-6.317472449012245979e-03,-6.115564920779280322e-02,-2.381965197283396896e-01,-1.530221946629393426e-01
-1.560294021369082462e-01,-4.659265065221494112e-02,-1.195947913176137745e-01,1.448163098307688190e-01,4.788369293498287438e-01
1.857302373988453381e-01,-3.246618280981061755e-01,-7.688142901453148825e-01,-2.226570891143553332e-01,-1.255913385777343572e-01
-5.656721092007660490e-01,-6.374746866108986776e-01,-1.077645921891360770e+00,-7.967268517789717341e-01,1.332667231368644734e+00
-1.399583969311819220e-01,-1.568809141844962063e-01,-1.540999447707458274e-02,-3.055918848007471711e-01,2.682900968666241392e-01
-1.448835396105980014e-02,-1.890321627541728666e-02,-1.324200846518387709e-01,2.895633677232476583e-03,-3.067303998938486140e-02
3.405427944801014961e-01,1.553547550571567071e-01,-9.695262092850590041e-02,-4.473098037822221262e-01,3.087489855244697767e-01
1.602664604480519561e-01,2.650844820322920126e-01,-7.292831584235723863e-01,-5.736966700008098163e-01,-3.217902676856272959e-01
-4.148509098381742977e-01,1.047858909261232263e+00,-9.482238977312823502e-01,-2.661112908974636593e-01,6.531425882732301291e-01
-2.582329798671143539e-01,-1.792515661554662243e-01,-2.169743016056153301e-02,-3.259239970860000613e-01,-8.713043998718779382e-02
1.119946460351989026e-01,1.599730915107034634e-01,-1.231271145365005482e-01,-2.160955969170223756e-01,-1.764548853914384152e-01
8.535983392734115549e-01,-1.307833857019717605e-01,-1.126886348786796166e+00,-2.513687449124686335e-01,4.490050649368516056e-01
-9.988658379545302390e-03,-1.049772430821634267e-01,-1.042069206922873331e-01,-3.004601689692142363e-01,-1.097803483503221877e-01
-3.981822034724134540e-01,1.771828412412666531e-01,5.350280854217256410e-01,-1.107680943686651487e+00,7.283428150525624867e-01
9.370931934569766072e-03,-4.372182246229575631e-01,-1.293670241134808441e+00,-3.224287503283440603e-01,2.044890064028958010e-01
4.692662399009260299e-01,4.294683384174794068e-03,-3.613178562667918592e-01,-3.929711816746319086e-01,4.478354710648885795e-01
-4.105224372601521537e-02,7.618147549551448350e-01,-7.923711151350723014e-01,9.701519184080453773e-02,4.751127260036508426e-01
5.790524336378631782e-04,2.687521998244284949e-01,9.573143829575201172e-03,-3.816903837612444783e-01,-1.104531121817918515e-01
-1.986451063840225795e-01,-8.272036389301430648e-02,1.214657161068671137e-02,-1.683307520588263606e-01,-1.683833495444467254e-02
-1.189841892948021451e-01,4.708168810638821977e-01,-1.377017582672590001e-01,-6.574883865189848908e-01,-1.518984406732076242e-01
-2.318054715823324730e-01,1.080086298313719384e-01,-2.811757171430272484e-01,-7.376821397870938490e-01,-2.153946819010627012e-01
