-2.406706935219564691e+00,-8.133968936268730632e-01,-1.701179322504892344e+00,-2.717887736037121194e+00,-3.852632042437997839e-02
-1.229151136221224294e-01,-8.087890390976579802e-01,-1.049584359574059045e+00,-4.234385266735012920e-01,1.060516800984015573e+00
-1.102971065444841692e+00,-7.396074779046851733e-01,-4.605947183762971742e-01,-3.199795550865971398e-03,4.055260347995702785e-01
-8.138582623705291341e-02,1.018708674692711882e-02,-1.675389295254645639e-01,5.349055303545519058e-02,6.551161950179901217e-02
-7.638588684113901683e-01,-5.595890702385313276e-01,-7.314296290597971373e-01,5.504044447005180390e-02,3.156297246057879202e-01
-1.474187211227921290e+00,3.974201105901249420e-01,2.580014084796552337e-02,-6.902196454959752536e-01,1.270687681500769273e+00
-9.741827927180535251e-01,-5.007329442631579530e-01,-9.503017983329680174e-01,1.845161005922252573e-01,1.265788060101711299e-01
-2.787986533305038608e-02,-5.497612251348380635e-02,-1.852621973207735362e-01,5.125598130459889379e-02,4.291988340756058840e-04
-4.722397330421531092e-01,-2.853130168387094656e-01,-1.789255565456783215e-01,1.033557827054576300e-01,2.117332671200116978e-01
2.899731118412719466e-01,-4.430317613473361837e-01,-1.532370154319279143e-01,-7.433944599463470082e-01,2.029610847495304071e+00
-2.563841556926941823e-01,6.984891204068899295e-02,-1.612725187468216026e+00,1.045001762861960809e-01,5.670891675425429046e-01
-3.396272143036700997e-01,-2.341023225677023867e-01,-8.998788964502377197e-02,-2.495753752994765012e-02,1.604198868521145571e-01
-1.803019549087821749e-01,-1.137047881597821331e-01,-2.309412170912480411e-01,1.189987475508949843e-01,1.080550774635038458e-01
-5.681419751187760658e-01,4.709610653200378416e-01,-4.525313740799833395e-01,9.995018601360983190e-02,5.489151132128738952e-02
-1.092125500999476945e-01,-1.188797319851529061e-01,-9.237274791035958443e-02,3.926229450569763274e-02,1.593623680626791994e-01
-8.499841819643307872e-01,9.955057207107027573e-01,3.154815773653828204e-02,-6.433604210749962471e-01,1.024115387194486360e+00
-1.018482497988890234e+00,3.911099491750953394e-01,-1.921694863962831290e+00,1.031766805902575163e-01,-1.280535403389525539e-01
-4.608816220099956618e-01,1.376001302315476016e-01,-8.619792584102670130e-02,8.267527199457450765e-03,2.162112792247100068e-01
5.629495964306954585e-03,-3.729293731965434011e-01,-3.451783691466199233e-01,-3.022395344377690751e-01,1.002829346911961128e+00
-6.072818597618492853e-02,-5.970956915405045001e-02,-2.184724457196566411e-02,2.822621092585283695e-02,2.068427730403799014e-01
-3.886566308331355635e-01,8.883807110946465579e-01,-6.126233255151914969e-01,-1.865175001531438892e-01,1.072894352002933038e+00
-2.082243751447818980e-01,2.293789526717158189e-01,-1.999183639344915275e-01,2.239707845937164155e-01,9.490431360102449254e-01
1.586807319666319258e-02,-4.864367323709243955e-03,-4.278297490778467521e-02,1.381154227851585405e-02,4.919889895065254759e-01
-1.991984159797400011e-01,-1.353156242799131818e-02,-2.598656476940546245e-01,-5.998613092102288158e-02,1.367564040061112762e-01
-1.456269658102619102e+00,1.133349348641959686e+00,-5.733444216229875989e-01,-2.817085843017556601e-01,6.730144383611496028e-01
-1.865055932550843953e-01,-2.725446912868714940e-04,-1.188963931054997647e-01,1.857556645644053636e-02,-8.133686875338656808e-03
2.795831339134514232e-03,-5.324964678169225030e-02,-2.081812924854299640e-01,8.183481246402629639e-02,6.814053215140231101e-02
-2.680635251440188771e-01,2.776105081439838584e-01,-4.922948261037156659e-01,6.407705497346434520e-02,-1.179876715151536304e-01
-6.280636123385181513e-01,4.961066345773068598e-01,-1.374566994450203139e-01,-2.130093729216350484e-01,3.465013639844201077e-01
-2.730260851671161837e-01,3.216032762471380813e-01,-4.688162898628192576e-02,1.612002103919859819e-01,2.394733063807953088e-01
7.292924832313207872e-02,4.239841483924546711e-02,-2.555016528228938322e-01,2.328168332527830522e-02,6.030155542446726802e-01
-2.153555205332670308e+00,3.582284434513157700e-01,2.528729234822278682e-02,-1.781732785128033125e+00,1.658680724814155294e+00
0.000000000000000000e+00,0.000000000000000000e+00,0.000000000000000000e+00,0.000000000000000000e+00,0.000000000000000000e+00
-2.290546334864938527e-01,4.474270730915889671e-01,-2.107399617993165997e+00,-8.168389027722221529e-01,3.272271407464619752e-01
-1.757638735299243415e-01,4.371994413916088229e-01,-1.636703909216715991e-01,1.674546361996870902e-01,1.331834345245194728e-01
-1.464514041188039295e+00,1.113146437959065427e+00,-1.117827515611137468e+00,-3.512949816513208368e-01,1.612396602434507109e-01
-3.867074398075593614e-03,2.895078744120726383e-02,-4.847147848684328630e-02,1.625777321118556870e-02,-7.628288661556022199e-04
-3.019361496730593730e-02,4.194428426276134770e-04,5.616237232107098784e-03,5.065741780241600836e-03,3.992977923183825550e-02
-6.508128945450275538e-02,5.931941798159380552e-02,-1.567331367891144245e+00,-3.430262407343313003e-01,8.557507336249852159e-01
-4.480363318579688725e-02,-5.080200528267645593e-02,-1.357777005892952527e-01,-2.775970422599514931e-02,-3.349619622223294624e-02
-3.356547541004767377e-01,4.411440768945338875e-01,-3.247769922835859746e-01,3.884809730744648304e-02,5.575936051884056166e-03
-1.316675794062067972e-01,1.420578696663395146e-01,-8.505402070187290109e-02,8.466782909964433446e-02,1.385841750103943282e-01
-2.781689127875049405e-01,2.007066817379402346e-01,-2.379172578566866592e-01,1.701187783217974481e-01,1.151379342867087929e-01
-1.359078818672442568e-01,-1.178986499783532677e-01,-3.999040753507746015e-02,-3.036019432617850441e-02,6.559177221389678181e-01
-3.581600628281086940e-01,7.730603785817538043e-01,-4.829231283338039082e-01,1.712202006647516872e-01,4.814179289895593183e-01
-9.873690089499577438e-02,2.170740832336552351e-01,-1.622751444058641024e-01,1.437352496723196538e-01,1.472526117678993884e-01
-8.060032205260823923e-02,1.213762852901357325e+00,3.033169472502371400e-02,-2.239577078000997368e+00,2.313500305765301857e+00
-2.347063316376785669e-01,-5.001196232104688777e-01,-9.994289670134849368e-01,-1.984321486824853209e-01,-1.613939937917718837e-02
-1.235033188706787383e-01,7.829969729460711791e-02,-1.380579674289251178e-02,1.111315438740014677e-01,1.467651734299867949e-01
-5.458466372076887785e-01,2.511937473112090924e+00,-2.760258523914538298e-01,-2.407183659854112978e+00,1.266133765867473393e+00
0.000000000000000000e+00,0.000000000000000000e+00,0.000000000000000000e+00,0.000000000000000000e+00,0.000000000000000000e+00
-1.078355930805200869e+00,5.886745208684391883e-01,-6.217151907280864531e-01,1.570113903975097480e-01,1.894203614315238537e-01
2.785390133523357042e-02,2.137912647501778382e-02,-1.816153251409881667e-02,-8.593123125035961873e-03,2.098596924940067387e-02
-4.757356934522938112e-03,-6.266372563691524622e-02,-1.049546029772146921e-01,5.273800236700492555e-02,6.197524232457095328e-02
-1.673059144572304480e-01,1.970364474798761423e-01,-9.293065619009589773e-02,1.319370970023551748e-01,1.103594532767499248e-01
0.000000000000000000e+00,0.000000000000000000e+00,0.000000000000000000e+00,0.000000000000000000e+00,0.000000000000000000e+00
-1.976094109334105842e-01,3.508590294725941194e-01,-3.515676420024577697e-01,2.568776075957525662e-01,1.735362625423296778e-01
-4.493006346961621600e-01,8.525479698350912905e-01,-6.766304751313589882e-01,-5.865107769385812658e-02,-1.976904295574661297e-01
-1.550058121617537039e-02,5.027038271086986532e-02,1.615708812500500635e-02,-2.838111927446141172e-02,1.855590493467885321e-03
-1.301790273320365121e-01,-1.099588678674319614e-01,-2.131757359479268532e-01,-1.136820902922112686e-01,2.522515861927174252e-01
-1.541767339810894422e-01,-1.294648689053391755e-01,-2.355792533484729334e-01,1.596982474283391296e-01,1.537323271656871604e-01
-1.013942135026677960e+00,-4.909856111749421603e-01,-1.434283009795360275e+00,-1.917304210318959978e-01,1.417441888399120220e-01
-1.692731869812264534e-01,-6.069413363796044569e-04,2.281424500435584937e-02,2.059447101796858435e-04,1.022094946048536790e-01
-9.729780824755639157e-02,4.705288833315683129e-03,-1.556168003769718144e-01,5.946887685540253737e-02,9.123324269365792882e-02
-3.349374825380657672e-01,-1.887088466729367753e-01,-8.933017806381184089e-02,7.665094570016993576e-03,8.650921539172516661e-02
-1.088699503124435503e-01,-4.268590047535563564e-02,-8.563800560739671594e-03,3.275866599544230429e-02,7.260093852133724102e-02
0.000000000000000000e+00,0.000000000000000000e+00,0.000000000000000000e+00,0.000000000000000000e+00,0.000000000000000000e+00
-2.515169056113105706e-01,2.486511311019382053e-01,-1.215798361054149651e-01,1.192439993973228307e-01,8.160912122970789828e-02
-2.807449436028441325e-01,5.872317680444283372e-02,9.042573428157431314e-02,-1.934106108091850074e-01,3.735862504082313462e-01
-4.530304435071136337e-01,1.852019073480482836e-01,3.780161593928119679e-01,-3.165379058606633267e-01,8.079280100998178504e-01
-4.150472498381400921e-02,-4.649633181975809659e-02,-6.387045183261171044e-02,7.340001235109107347e-02,1.412154460808396073e-01
-5.733135857499116472e-02,1.954061057840574822e-01,-3.954138399362609746e-02,2.340477205895383217e-02,8.613047483886984712e-02
-1.558088947920407419e-01,1.323503567825942695e-01,-1.059844884910317447e-01,1.725607919298159654e-02,6.182483758937305784e-02
-3.348725708258467604e-01,-1.117764164669392823e-01,-3.656620795265778101e-01,2.197357103612302964e-01,2.064076631961983543e-01
0.000000000000000000e+00,0.000000000000000000e+00,0.000000000000000000e+00,0.000000000000000000e+00,0.000000000000000000e+00
-4.314541531074153058e-01,-1.164852533101712051e-01,-6.541200593726097419e-03,8.035720100131205079e-02,2.602386713395618556e-01
-9.567505257644823291e-02,5.820177197486503529e-02,-2.444693466658025630e-02,1.027940565767732073e-01,9.897145698793577417e-02
-2.882100766977037654e-01,2.353407622451788306e-01,-8.026265296966750284e-02,9.623921738210346188e-02,1.255679676912254683e-01
-5.196348137884252427e-01,-3.784586004058994591e-01,-3.176827352879585398e-01,7.200135932798143457e-02,7.435351525032762865e-02
6.746248497731745404e-03,5.642793128275324505e-02,-1.311093566668238529e-02,-3.972742740257102084e-02,-2.469752578775312804e-02
-4.399469194860545773e-01,1.080836337637017253e-01,-1.055651016547191207e-01,5.836936685007831915e-02,1.353339968903463642e-01
-1.965077763675312783e-01,1.981552543158789648e-01,-6.495557115027593420e-02,5.938208286431423399e-02,1.541393868495625485e-01
-6.809221410881291514e-02,2.176403994516079229e-02,-5.940747922487059351e-02,1.723151349484784017e-02,1.533471769953065333e-02
-2.244069245195928243e-03,2.395530368886254757e-02,-1.735462996362908267e-02,-9.996470838808654835e-03,-2.228618140677580267e-02
-4.368448638595929800e-01,3.898263009482587083e-01,-1.879414798759776739e-01,1.561589570891379897e-01,1.795293017390528489e-01
-5.263965891491402260e-01,-1.729140601839556923e-01,-2.183546826235173988e-01,1.335397797231548944e-01,1.376659972203408133e-01
-5.390997304921648497e-02,-2.735686801167296067e-02,-5.021273761118968948e-02,4.096960956998735304e-02,3.934499515782689805e-02
-3.782853559660018794e-01,-9.828699244396223167e-02,-1.221803858147256644e-01,-7.858153398799333717e-04,1.531993891749131309e-01
-2.608180835546173859e-01,-3.542366078154930709e-02,-3.259630730802154375e-01,1.915420202667981187e-01,2.820553897242537578e-01
0.000000000000000000e+00,0.000000000000000000e+00,0.000000000000000000e+00,0.000000000000000000e+00,0.000000000000000000e+00
0.000000000000000000e+00,0.000000000000000000e+00,0.000000000000000000e+00,0.000000000000000000e+00,0.000000000000000000e+00
-4.123965766172983383e-01,1.118347384344907901e-03,-1.535438843793390795e-01,1.811752983258439198e-01,2.134222948057130087e-01
-6.871287088657369868e-02,-6.775258289457199157e-02,-3.607227961544878791e-02,3.327444320674791123e-02,1.861652553956640865e-01
-3.886168323151764081e-01,4.163570788912600018e-01,-2.926825691997407275e-01,1.502069071004333289e-01,2.171648523668740227e-01
-8.908097830046566301e-01,-5.800999003032589751e-01,-6.040638886284996900e-01,-6.286660616572575799e-02,1.047273440500021469e+00
4.307018883204617211e-03,1.298181130353140596e-02,-5.929102837906080788e-03,1.503036112328139540e-03,-3.198732781566434973e-03
-5.357150253282467328e-02,2.213254104287303292e-01,-6.487225435011707841e-02,-4.181319579617500878e-03,6.700243908135861126e-02
-2.302990012465658612e-02,7.337855316790679525e-03,2.059064281862682186e-02,-1.086881993493022183e-02,3.687687843452392561e-02
-1.365428691102701098e-01,6.660859301006416544e-02,-4.929874161248200271e-02,9.523272042205838117e-02,1.002394054930822592e-01
-5.721955936077696148e-01,3.923436608820635857e-02,-2.413467074467219586e-01,4.581197998842408137e-02,1.289068069698184882e-02
-2.882693379669974965e-01,3.375046043332763923e-01,1.954669766469055089e-02,-1.386572739043418212e-01,1.958130950981822882e-01
-2.264074891993181349e-01,-6.901172559235846382e-02,-1.904717914104593901e-01,1.478714471130812280e-01,1.425638638850339202e-01
-2.287340562370130670e-01,9.145225291268095635e-02,-3.329655688792747259e-02,1.342374859103304952e-01,1.431614993208871200e-01
-1.020657999911106062e+00,-7.482040270009953087e-01,-3.838464705927194798e-01,-8.113503321339303742e-01,3.902064669276805731e-01
-2.029601508044370783e-01,2.839248050551818614e-01,-8.067013857776971220e-01,1.975326430033043645e-01,2.431382768814206452e-01
0.000000000000000000e+00,0.000000000000000000e+00,0.000000000000000000e+00,0.000000000000000000e+00,0.000000000000000000e+00
-6.672179380639602364e-01,-2.074789517294855778e-01,-2.986745014532740661e-01,4.119844514648195871e-02,2.008008178853804004e-01
-9.228925856811764916e-02,3.725219854404526049e-02,-2.070204314687071334e-02,9.448388304115779013e-02,9.863630899223617410e-02
0.000000000000000000e+00,0.000000000000000000e+00,0.000000000000000000e+00,0.000000000000000000e+00,0.000000000000000000e+00
5.062733669707716322e-01,-4.706964210785385266e-02,-9.606371226843287703e-01,-2.616193772016337959e+00,1.699090658540967080e+00
-8.979370607701315787e-01,2.002654231440991861e+00,5.576337831924060157e-02,-1.250174803556111769e+00,5.337285082529275027e-01
-8.102143267520877101e-01,-1.294502107459042928e-01,-1.019107254530397105e-01,-1.105574261635182548e-01,5.992396419280653364e-01
-1.395489881305014834e-01,7.691916682953209294e-02,-1.294010498189773206e-01,1.299717793857555759e-01,1.066224283497990422e-01
8.919999221777146631e-03,2.573530266617824608e-02,-1.068978761830015854e-02,-5.257238501685651370e-03,-3.181387047704702098e-03
0.000000000000000000e+00,0.000000000000000000e+00,0.000000000000000000e+00,0.000000000000000000e+00,0.000000000000000000e+00
-2.444849397503727206e-01,1.370167843535338159e-01,-2.610225371931422234e-01,1.806449007388872818e-01,8.774187581995540608e-02
-1.188656223985326416e-01,1.954687329608134072e-01,5.582027861228668064e-03,1.159345222058213304e-02,4.988287099052426260e-02
-1.315147904434389448e-01,1.105018651054908568e-01,-7.879729015960398875e-02,1.126939704396158065e-01,1.052301906014473099e-01
-8.264297293472468858e-03,3.016951975054743551e-02,-4.420155791702994053e-02,1.523794032173398164e-02,-7.631343635255872712e-03
0.000000000000000000e+00,0.000000000000000000e+00,0.000000000000000000e+00,0.000000000000000000e+00,0.000000000000000000e+00
-1.548265039685820521e-01,1.348774255465461092e-01,-6.147873184040140299e-02,9.784297996825010169e-02,8.784577223783229805e-02
-1.251351839624943729e-01,3.755970988606438521e-02,-2.256209674715862201e-01,1.611372468542845993e-01,4.127201572871832536e-01
-1.108182950732696653e-01,2.502955569579409789e-01,6.235943757190247003e-03,-1.894032896904309163e-02,5.822587531394267379e-02
-2.049288101113721020e-02,5.152394292879110271e-02,-3.367309513203502191e-02,1.971363012045328558e-02,-2.506657429602822743e-03
-3.799304926195428700e-01,6.822025671551990023e-01,-1.628643192766179859e-01,1.273037553452439907e-01,2.320420502469288104e-01
-7.343361997325312251e-02,-4.749023038136020863e-02,-1.545382654606017592e-01,5.173369658471162202e-02,3.774804703464566813e-02
0.000000000000000000e+00,0.000000000000000000e+00,0.000000000000000000e+00,0.000000000000000000e+00,0.000000000000000000e+00
0.000000000000000000e+00,0.000000000000000000e+00,0.000000000000000000e+00,0.000000000000000000e+00,0.000000000000000000e+00
1.403788527155397457e-03,-1.806713004872763026e-02,-3.598023131261735702e-02,-1.543369756745263405e-03,-1.003287695305844947e-02
-8.346215199404911564e-03,-1.432795273573105738e-02,1.946389958910613865e-02,-5.718216981896570052e-03,2.857768224228805776e-02
-4.614462928405882458e-02,1.862609927202263024e-02,-1.035102157343535667e-02,4.724194152057889506e-02,4.931815449611808705e-02
-6.665401121721396815e-02,6.365285354666772033e-02,-9.473695604321208386e-02,1.540645378559517553e-01,2.526439969515380524e-01
0.000000000000000000e+00,0.000000000000000000e+00,0.000000000000000000e+00,0.000000000000000000e+00,0.000000000000000000e+00
0.000000000000000000e+00,0.000000000000000000e+00,0.000000000000000000e+00,0.000000000000000000e+00,0.000000000000000000e+00
-3.511483120751801024e-01,-3.566998892441676228e-01,-2.505552975585659814e-01,4.247570621892472753e-02,1.635439123949879447e-01
0.000000000000000000e+00,0.000000000000000000e+00,0.000000000000000000e+00,0.000000000000000000e+00,0.000000000000000000e+00
-2.307231464202941229e-02,9.313049636011315122e-03,-5.175510786717678335e-03,2.362097076028944753e-02,2.465907724805904352e-02
0.000000000000000000e+00,0.000000000000000000e+00,0.000000000000000000e+00,0.000000000000000000e+00,0.000000000000000000e+00
0.000000000000000000e+00,0.000000000000000000e+00,0.000000000000000000e+00,0.000000000000000000e+00,0.000000000000000000e+00
-3.820636557832554625e-01,-2.602728411672310393e-01,-4.270632597407431619e-01,1.284718039488736141e-01,6.420419614573114053e-02
-1.294907795495219505e+00,-4.606073233356278718e-01,-1.110423250300178966e+00,-1.776282637119719343e-01,5.467329108338273569e-01
0.000000000000000000e+00,0.000000000000000000e+00,0.000000000000000000e+00,0.000000000000000000e+00,0.000000000000000000e+00
0.000000000000000000e+00,0.000000000000000000e+00,0.000000000000000000e+00,0.000000000000000000e+00,0.000000000000000000e+00
-7.125525012801908753e-02,7.322016103986603852e-01,-5.446242771194845789e-01,1.637104830876212058e-01,5.842603843972110633e-02
-1.773851239688149506e-01,1.592438575455153993e-01,1.493210548592857900e-01,-1.685245180601230297e-01,7.878451729682172111e-01
-9.529593536981642576e-03,-2.867802856371456585e-02,-1.195036631251312070e-01,6.604059640111331619e-02,4.453248652803701302e-02
-2.579477369611127835e-01,3.894110361580566115e-01,-1.246741047111353945e-01,1.557403574365805177e-02,3.106816187099707971e-01
-1.434179971748379169e-02,-1.995244552347472111e-02,-6.190033230178323270e-02,8.957438170506882777e-03,-2.525016266411532831e-02
-2.527691063090693468e-01,2.253608699556704231e-01,5.831220293859039339e-02,1.349406346146352631e-01,2.923777450793658694e-01
8.493727890825031324e-01,7.792769471302171125e-01,-1.737872885137917045e+00,-1.407033484268040313e+00,1.606217026734089171e+00
7.830213871847731960e-03,5.359036625101387674e-01,-6.122614561862639304e-01,9.029462088072463810e-02,5.135312260384830019e-01
-1.153157877783283769e-01,4.568534917447334559e-02,-6.666697892334719211e-03,7.816328661939231370e-02,1.245640740767330196e-01
3.235680668716427455e-01,-3.168890907211668329e-01,-6.337077418857778310e-01,-3.687825305458615754e-01,1.576796302993078047e+00
-1.036580937746732628e-01,4.866266924520510351e-01,-1.144823191725657385e-01,6.938733528782195514e-02,1.723815689514520133e-01
-7.511822024699514599e-02,1.445397374585843664e-01,-1.506880747905019469e-01,8.401963073621369904e-02,1.013459932753605214e-01
-2.055923108219871454e-01,3.476387177763606284e-01,-1.488645430454183238e-01,1.549201047611476756e-01,2.334991677985199521e-01
-1.634065131427736017e-01,3.025867707373753115e-02,-1.539536032178449865e-02,6.669282698891981775e-02,1.562967615107426766e-01
3.499369169893702669e-02,-4.255920635078399017e-01,-6.814347673035761055e-01,5.252837897593173877e-02,6.062913796690253543e-01
-1.510359803444730753e-01,3.632905690070089566e-01,-5.679597168450009614e-02,8.628194404583670873e-02,1.926101564711695247e-01
1.499892949662481878e-01,-1.167502188261770185e-01,-3.568758128816825748e-01,6.929841695466862350e-02,8.760047603826321971e-01
7.148709888861071171e-01,1.883936850159811938e-01,-6.197121911859233556e-01,-1.691023863203752475e-01,1.503976873372033118e+00
-5.594324401613580688e-01,1.102697511134194785e+00,-3.836992337887413784e-01,1.752468503237989417e-01,3.048973234849498004e-01
-2.895822080371640017e-01,-3.992358723931519610e-02,2.053151746587441196e-03,-3.564969002028013922e-01,1.031008775951358647e+00
-1.871491710114370211e-01,4.108697650047399286e-01,-2.988665239731430612e-01,-2.661334416627507415e-02,1.125165797038093496e-01
6.864567231954287196e-01,-8.602222736029851990e-02,-4.910129321214222187e-01,-6.304578176911279641e-01,2.316439850036941195e+00
-1.457040689945699741e-01,1.079199496081311715e-01,8.372010751034350204e-03,1.039744303317528679e-01,1.516682993857831063e-01
-8.293149538981574309e-03,3.957530353351625119e-02,-2.244247198575415048e-02,6.895316201801308595e-03,9.057336704619133039e-03
1.283190135444561564e-01,-2.844623281460022524e-01,-4.973408257445625091e-01,6.981710803858691416e-02,6.206847473761544220e-01
-6.065846569851266606e-02,-5.860535616886972804e-02,-1.138791203578078254e-01,6.092911318674322507e-02,4.437025313106039703e-02
-2.319091023277798647e-01,-5.647096697661164316e-02,-1.818402462833397515e-02,1.859221920119140739e-02,5.302962752334322571e-01
-1.441173396719734878e-01,2.913663126421687233e-01,-2.176099046980213281e-01,1.426898505956479546e-01,5.134125017583178463e-02
-1.573436391627876241e-01,-1.489724915660000509e-02,6.345494208557713768e-03,-4.649707385405792148e-02,7.383618870029204917e-01
-2.938799070874089508e-02,-2.238878156965181110e-01,1.005970016012636969e-01,-1.182644680356645522e-01,1.188516454486610474e+00
-2.793689594274005247e-02,-3.478526612620393837e-02,-5.589147392156623706e-02,3.068890801636604479e-02,4.452349285782042365e-02
-2.736415237598536776e-01,4.158772297044197042e-01,3.531970855640555185e-02,-1.997499672316124103e-02,4.151685564548602270e-01
-4.064807979140858119e-01,5.858555707195421958e-01,-2.436120131139871692e-01,1.566935044742818195e-01,2.553465676792254224e-01
-9.622947238717637075e-02,7.609486048761957000e-02,6.747567641003904271e-02,7.641267117582621615e-02,4.249997440205232624e-01
-4.826456037716592151e-02,2.447314714913146616e-01,-4.433327213595487232e-02,8.048984034145025002e-02,1.167694610073466560e-01
3.293283496130488402e-03,-4.208200475239051719e-02,-1.555370096000684987e-01,7.905012212160286711e-02,1.164886955068304697e-01
-4.826134530263409550e-01,2.202683179650956335e-01,-1.656466342517457987e-02,-1.806296035652568688e-01,7.305133892461821432e-01
-1.782243227167834218e-02,-2.289712331019843131e-02,-6.424260270119415417e-02,5.085602015662898934e-02,1.882846860447493498e-01
0.000000000000000000e+00,0.000000000000000000e+00,0.000000000000000000e+00,0.000000000000000000e+00,0.000000000000000000e+00
-1.153615732101470476e-01,4.656524818005657734e-02,-2.587755393358838821e-02,1.181048538014472377e-01,1.232953862402952211e-01
-1.231119697333784707e-01,7.126533614768824909e-02,-2.820675546244984580e-02,1.357859561976182960e-01,1.613782456181094005e-01
4.755744309648557988e-01,-3.783910940447436921e-01,-6.442853815215326962e-01,-2.641938083542593185e-01,1.438173476398152184e+00
1.126714048910229526e-01,-1.407912614370444571e-01,-6.701230362155589093e-01,1.281020885547804189e-01,5.480536151137207490e-01
-2.478627337584057150e-02,2.570118199499089179e-02,-1.130021963794919718e-02,-4.798677463169503075e-03,3.005919623947837099e-03
-1.524419742010333090e-01,8.479962080279150605e-02,-1.372827723333867704e-02,1.267405628397143824e-01,4.032849802446742959e-01
-9.228925856811764916e-02,3.725219854404526049e-02,-2.070204314687071334e-02,9.448388304115779013e-02,9.863630899223617410e-02
-1.151333865421311775e-01,1.986728472554617209e-01,1.283337230061680836e-02,-1.864751665400667807e-02,6.040316358195588903e-02
-1.681361682610428218e-02,-1.394758652569929626e-02,-2.009023721717000457e-02,2.636952870124482581e-02,6.608521704614604697e-02
0.000000000000000000e+00,0.000000000000000000e+00,0.000000000000000000e+00,0.000000000000000000e+00,0.000000000000000000e+00
-1.543163315819399140e-01,1.119187106188190284e-01,-1.775211316120476335e-01,1.634951200227248436e-01,5.692983252331600408e-01
-2.640414147611273021e-01,9.720477420474494812e-01,-2.918917664508522969e-01,1.749366111667755297e-01,3.207645120488213930e-01
-1.383251788609943939e-02,-3.562410985922909168e-02,-4.185686748651680222e-01,1.544047746137745813e-01,1.379907141277731397e-01
-1.409079302367514386e-01,4.838786528315076885e-02,-2.519365085888622055e-02,2.237906860041255844e-02,9.722497985627653883e-01
0.000000000000000000e+00,0.000000000000000000e+00,0.000000000000000000e+00,0.000000000000000000e+00,0.000000000000000000e+00
-4.963445977564901468e-01,4.192408854879328128e-01,1.514345296988663658e-01,-9.397333944717352339e-02,7.992698311000684397e-01
-9.657820647152296281e-03,3.928407637249198975e-02,-1.590508375024439480e-02,-1.324468927764406619e-02,-1.859325293304852147e-02
-2.485655827930040307e-02,-2.599979349070330892e-03,4.069688656394291476e-02,-1.548128034444771215e-03,6.086670191643275829e-02
5.437354567307608154e-03,-3.749616632011493894e-02,-8.185844494690752704e-02,3.004609575239535618e-02,-5.215824824960892114e-03
-7.936924682620981331e-02,1.524470497646689959e-01,-4.872204479874537447e-02,5.695746520886162817e-02,6.000760926640009985e-02
-2.611126985315790350e-01,7.035805675021417072e-02,-4.914604479246927893e-01,2.454710201165573591e-01,3.013304581520222514e-01
2.253562801010623451e-01,-9.673708630619969051e-02,-1.424561601447879300e-01,7.944384634669648948e-02,6.909935483463379713e-01
-9.724212215188980657e-02,1.298461071582119042e-01,-1.169046169485652847e-01,8.793917083448977989e-02,5.117034832282374435e-02
-1.921689952838099014e-01,2.329649208154670470e-01,-1.303425091282824910e-01,1.598355371119132284e-01,1.903167595955015390e-01
-5.344672422105987974e-02,-1.150055572488634520e-01,-7.909071530412187245e-01,2.817764109521688209e-01,2.279454279843342590e-01
6.439034883359674444e-01,-1.618778442881691482e-01,-7.233196450120338294e-01,-3.621053782396880805e-01,1.293058623043464417e+00
-6.355521972890727789e-02,8.634172488559002656e-02,-2.236909730203550176e-02,1.650674559198340996e-02,6.266397589487049391e-02
0.000000000000000000e+00,0.000000000000000000e+00,0.000000000000000000e+00,0.000000000000000000e+00,0.000000000000000000e+00
-1.001716025198081950e-01,8.936980625105760134e-02,-4.195009917134700367e-02,5.093478718545569467e-02,4.560905965051682137e-02
0.000000000000000000e+00,0.000000000000000000e+00,0.000000000000000000e+00,0.000000000000000000e+00,0.000000000000000000e+00
-1.311768274831842940e-01,3.911915805486552156e-01,-9.175906632522522199e-02,1.515084180869872080e-02,1.532623560799535600e-02
-3.241838142876286855e-02,9.291765892422637618e-02,-1.391761239154709270e-02,9.809520826846719957e-03,2.558821039625165314e-02
-1.347930010603186624e-01,3.070595992122449602e-01,-2.038444343865083719e-01,-7.283796994495717048e-02,1.236137498015224545e-01
-1.868111499737315218e-01,-1.940046787991891175e-01,-3.069072443067065170e-01,-1.718924374099044250e-01,3.197634783763446120e-01
-4.697421453862460350e-02,-9.301802082619978207e-03,-8.623361303902653263e-02,6.517888575721275668e-02,1.092499337142796706e-01
-1.002141467304179384e-01,6.764219573311557043e-02,-4.057991756294184182e-01,2.376590037353669416e-01,2.400489764958190775e-01
-3.841417225729530649e-02,1.424283879494260552e-02,-1.332178691309623686e-01,1.022295743904952925e-01,1.003321741551267271e-01
-4.365287368533658091e-02,3.413900299850822218e-02,3.805752543076430794e-02,4.908401960282000182e-02,1.142702787630882899e-01
0.000000000000000000e+00,0.000000000000000000e+00,0.000000000000000000e+00,0.000000000000000000e+00,0.000000000000000000e+00
-8.692229412205348948e-02,3.340806166599369353e-01,-5.999616828249551004e-01,2.859244972023755604e-01,2.816109548140812713e-01
-1.090645511474817697e+00,9.075706777522478674e-01,-5.915558526776053955e-02,-7.939519405329813484e-01,1.322465279247973857e+00
-7.406171659750421243e-02,1.434383831225279349e-01,-8.084249657324860117e-01,1.288750592470743472e-01,2.635920915920230145e-01
3.878770417890413658e-01,-1.374036024625223951e-01,-7.057240736878038767e-01,1.956150239709528171e-01,9.117430059137954235e-01
0.000000000000000000e+00,0.000000000000000000e+00,0.000000000000000000e+00,0.000000000000000000e+00,0.000000000000000000e+00
1.069152104936972325e-01,-6.320567477383393085e-02,-9.859667468668864565e-02,8.887370987418979906e-02,4.622053783521353210e-01
1.666168255319949634e-03,1.929679764701630607e-02,-1.807500455508026863e-02,3.639748703707848445e-03,4.397388883018105155e-03
-3.090296171501480949e-01,5.059945050360217245e-01,-2.564227342410717592e-01,2.048030324180520889e-01,1.650396301243101105e-01
-2.400959045776875078e-01,3.440286181667263632e-01,-4.123910777721693233e-01,3.079938708472624853e-01,5.321441786612043368e-01
3.061186882142946653e-01,-2.853386650084044351e-01,-4.781908626223296821e-01,-1.053032641039749029e+00,1.677061529684397811e+00
-1.729054482284368977e-01,6.995680984013857850e-01,-2.801732894048696298e-01,1.087525118703661781e-01,2.054022252335774845e-01
-2.826782156338098484e-01,4.955317769650714466e-01,-6.732345024925417976e-02,2.389187464304241559e-01,4.240315320106924357e-01
-1.556643307443412172e-01,-3.146139053605677416e-02,-9.844710829974337440e-02,1.555704079487403024e-01,3.325804323160892473e-01
-8.245344927328231988e-01,1.274474703587425539e+00,-4.447545793875669062e-01,-1.751731771333720766e-01,9.505215160680110520e-01
-1.616474000573432657e-02,-1.470351192372315041e-01,-1.122624374615459386e+00,1.678999939778761386e-01,5.510721254265361635e-01
1.826184747252151963e-02,5.141426797566978069e-02,-7.502834185557670788e-01,3.296341252651216469e-01,4.572464395459047148e-01
3.515241375033866054e-03,-5.009336174754130955e-02,-1.251440279061560301e-01,4.313176349063368997e-02,2.048148405907983943e-02
-2.245015186600516355e-01,-1.383128730424781627e-01,-2.385859943777650927e-01,8.310378023377736068e-02,1.363070968034053310e-01
-1.088404416974319833e-01,1.665836126150498780e-02,-6.849472656713061214e-02,1.712856491805634651e-01,2.547418232991591758e-01
-1.029745083038529907e-01,7.677927962510847082e-02,-3.972117079716415422e-02,1.572012618334169276e-01,2.131542120867147005e-01
-6.716138614502828452e-02,1.635117023908038980e-01,-6.032062639534192111e-02,5.801756874220957705e-02,3.377687621923473188e-02
5.437354567307608154e-03,-3.749616632011493894e-02,-8.185844494690752704e-02,3.004609575239535618e-02,-5.215824824960892114e-03
-6.921694392608823687e-02,2.793914890803394363e-02,-1.552653236015303501e-02,7.086291228086834260e-02,7.397723174417712710e-02
-1.095658213977873142e-02,2.638045850503950226e-02,1.835481805221358259e-02,-1.329750873353316258e-02,1.036755569740299698e-02
-2.507497700223016435e-01,1.259316907997367396e+00,-5.792951795050997887e-01,-2.072631309422731383e-01,2.810216260867725024e-01
-4.871788911650167808e-01,9.991934083743352346e-01,-1.732230507880424542e-01,7.264464354472312257e-02,5.588012886988689143e-01
-8.501257507831655458e-02,-1.960454418699958054e-02,-2.589934612368991473e-01,2.351991537428902157e-01,3.092783049609739709e-01
-1.941187247954779538e-01,4.132621518793460069e-01,-2.803345765876347762e-01,1.455946736541911535e-01,2.657300187199180819e-01
-3.387990499301114095e-02,2.757023427013096523e-02,-2.926457628759067744e-02,3.028733798047486894e-02,8.904136100798190623e-02
5.862321513950081910e-04,-4.576827963351684340e-03,-9.531008881737805267e-04,9.907621050938656207e-03,3.723518745114085676e-02
-1.261860375017584412e-01,-6.813149290391100343e-02,-8.957344928783057547e-01,2.967647152292822721e-01,4.567646705911262428e-01
1.425870348479306438e-01,2.979037967151850763e-01,-6.897762460053420419e-01,-3.493118447793378545e-01,1.809547589526971478e+00
-3.090677639855730473e-03,1.117309357291916272e-01,-8.721714024946039534e-02,3.950186811881458565e-02,2.074501180127226452e-02
-3.427034586105930786e-02,-1.135152578662407437e-02,1.716794820420735473e-02,4.023937293324743314e-02,1.513765899391688596e-01
8.349443933150389741e-02,-1.056225042615986653e-02,-2.431513985859135585e-01,9.214942706757585367e-02,6.312473848095032647e-01
-9.502221420164285240e-03,-6.527319895545229123e-02,-2.379451986950154030e-01,1.610730628745824233e-01,3.387639317461428878e-01
-5.517752414358490648e-02,-9.100940509711706594e-02,-7.487053299705288822e-02,-1.450891706716498676e-02,4.892734006021014215e-02
-7.793039796298717806e-03,7.741296363511084022e-02,4.176826863943222667e-02,-8.025602946751928327e-03,1.548215284351704968e-01
-3.195042443631569640e+00,-4.610845954709938410e-01,-9.458553186332617768e-01,-3.851460949499009079e+00,3.890591429212930663e-02
-4.939327826073438427e-02,2.951130702991200949e-01,-1.282435342762740627e+00,3.225956513029459294e-01,2.867321696322000513e-01
-1.568734410230449294e-01,-1.848591895477139369e-01,-4.437265207230879915e-01,3.379576221553627462e-03,6.653587196376181678e-02
-2.049288101113721020e-02,5.152394292879110271e-02,-3.367309513203502191e-02,1.971363012045328558e-02,-2.506657429602822743e-03
4.228947963420000289e-03,7.571902955444995142e-02,7.715815031833729229e-03,7.333842613785537291e-03,1.990779698197679692e-02
-2.229830182569264296e-01,1.222504360203053420e+00,-1.174930470087004242e+00,1.433346978873086541e-01,1.180542373840520742e-01
3.970223303876685428e-01,2.714853836519997565e-01,-1.108402785677928826e+00,2.610270169834150861e-02,7.372330276036980212e-01
-7.844235182898105785e-02,-7.493370236938249468e-03,-1.187904304653417641e-02,-1.967716097591872340e-02,1.287194647612649456e-01
2.489923272412547170e-02,1.667655117272093535e-01,-1.057165977070243790e-01,1.552752185169442231e-02,1.399193992511021944e-02
-5.640215030511059463e-02,1.232273150907456788e-01,-5.370879895101390161e-02,3.605359536851471258e-02,4.319543842868286271e-02
-2.595381693705709619e-02,-1.115849198767316502e-01,-3.636084616862413910e-01,1.476528257775115149e-01,7.299409170233142619e-02
-9.976988116132294582e-02,3.478271933438946591e-03,-1.507387270315561634e-01,1.732503054894594940e-01,1.567183861203683970e-01
-1.979843421228884848e-01,1.095391221025283857e+00,-6.958887294935294232e-01,9.486443137999375774e-02,1.281143312799223333e-01
-7.456882026456498891e-02,2.655582970353538297e-01,-3.463713855951219833e-01,2.431700251739259966e-01,4.914449227428710487e-01
8.886815232534830966e-03,-3.028548053895713590e-02,-2.801692295781762002e-02,1.851141992384273960e-02,3.932248647823566312e-02
-2.734178126339294884e-02,-4.668473197533489633e-02,-6.381490708066614448e-02,4.774468980183013689e-02,1.173979296919140658e-01
1.291423523917542386e-02,-1.937460661015425745e-01,-3.930673048319719975e-01,1.266301754273309876e-01,2.598776423299252736e-01
7.142433905140441186e-02,-5.685166819185591414e-02,-6.177582667231812374e-01,1.686285586742868603e-01,3.705074694519270295e-01
-1.043091588891403854e-01,9.441941603614291412e-02,-8.334597560705786501e-02,1.646919853824295177e-01,1.947882090514515552e-01
-3.166424796211643466e-02,3.727906764606040563e-02,-1.084561943081505248e-01,2.297672817099557369e-02,-9.157308977904496383e-04
5.126882276889169893e-02,3.104897110680150951e-01,-5.590444440714147367e-01,1.230425870270294847e-01,1.519738104989789007e-01
-7.750325200504237788e-02,4.933469601008103611e-01,-4.016190770811963739e-01,9.280633458633766320e-02,5.782360324365312665e-02
1.166010082342269355e-01,2.747254749143262509e-01,-9.015317686819612764e-01,1.754655804661886809e-01,4.226134849792593240e-01
-2.914487859200887848e-02,3.586110519858060064e-02,-9.211822877046735303e-03,1.800050890441393450e-02,2.890329087625055984e-02
0.000000000000000000e+00,0.000000000000000000e+00,0.000000000000000000e+00,0.000000000000000000e+00,0.000000000000000000e+00
2.491755598722247139e-03,1.551290372648559887e-02,4.840854700419966461e-02,1.842078082241105233e-03,6.495212426697019592e-02
0.000000000000000000e+00,0.000000000000000000e+00,0.000000000000000000e+00,0.000000000000000000e+00,0.000000000000000000e+00
-1.245611085003205526e-01,1.170730461159127933e-01,-5.987087471612621142e-02,1.281459935423630569e-01,1.668626942730595530e-01
-8.350627694693216196e-02,7.847117687124642860e-01,-6.060938660775518072e-02,-4.361818257330015713e-01,1.723231331554403001e+00
-1.024787916229366047e-01,-1.626109886448560138e-01,-4.565348231274208302e-01,1.472223195758746717e-01,1.114054847698696671e-01
-1.564922401166722321e-01,5.256577086937050947e-01,-1.130557291156764343e-01,-2.448807881045573370e-02,6.000373358812036151e-02
-4.398063497628192098e-02,3.593265833629794015e-02,-6.953684184953423143e-03,6.833827595424084300e-02,1.454391818766233579e-01
6.151408057699673249e-01,-1.953262874747695999e-01,-6.319004247311745814e-01,-4.733780701343191510e-01,1.761489636973583073e+00
-4.903075339107742514e-01,7.086826331101765408e-01,5.738029634447117111e-01,-1.683450988929529268e+00,1.598599271322621140e+00
4.596952817678891245e-03,6.325567743095517059e-02,-3.281313450748776783e-02,2.248178538683000965e-02,5.422274054355091799e-02
-9.239566288199684008e-02,3.202007390933199471e-02,-2.743769185176803474e-02,1.203076876872447160e-01,1.696451694667956422e-01
-9.959449030563562177e-02,2.146621569348720282e+00,-6.502614266077588745e-01,-3.952728925255085013e+00,1.839417837833378311e+00
0.000000000000000000e+00,0.000000000000000000e+00,0.000000000000000000e+00,0.000000000000000000e+00,0.000000000000000000e+00
0.000000000000000000e+00,0.000000000000000000e+00,0.000000000000000000e+00,0.000000000000000000e+00,0.000000000000000000e+00
-2.265517332331352107e-01,4.579031794948463241e-01,-2.122592771463722161e-01,2.045476940261662380e-01,2.224034430948099716e-01
1.849937123836209452e-01,1.568384221054040184e+00,-1.119031658803912865e+00,-1.964495342224945318e-01,7.090568969651507292e-01
1.227466059082186166e-02,3.353157051672233518e-02,-7.494229525585608710e-03,-6.816227841832086902e-03,-2.036897599488262170e-03
-2.040412279813632046e-01,2.279977425077127084e-01,-7.530561354053107170e-02,1.609311986832595576e-01,1.911403830043607033e-01
-1.486633943999166874e-01,1.464341727613254797e-02,-2.050690572123262112e-01,7.658472825496408232e-02,3.684693591864337536e-01
-1.310070052309235400e-02,-2.342387435754258659e-02,-9.498479259293783616e-02,1.004263107988780102e-01,1.241839854321951930e-01
-5.689989304499382811e-02,1.470988841660627600e-01,-1.611703287590302569e-01,1.055223841983824462e-01,1.697428436041221733e-01
-2.357262040403390879e-01,9.617100423814487486e-01,-2.937251420633694154e-01,3.080874023557976689e-03,1.485640861380306821e-01
-2.161117494256614147e-01,9.271396191943479526e-01,-3.361154743828665969e-01,7.077168427678409701e-02,2.317084913933483148e-01
-2.027180420610161793e-01,7.805718241664750812e-01,-3.702915577705087058e-01,1.246430059833231047e-01,7.503895734646057192e-02
-3.314371861610548170e-02,7.729541666180780868e-02,1.006885865777342078e-02,-2.374919290880328146e-02,1.504568735323593212e-02
0.000000000000000000e+00,0.000000000000000000e+00,0.000000000000000000e+00,0.000000000000000000e+00,0.000000000000000000e+00
0.000000000000000000e+00,0.000000000000000000e+00,0.000000000000000000e+00,0.000000000000000000e+00,0.000000000000000000e+00
-9.903907664062908123e-02,1.121424825955082694e-01,-1.619941974374471960e-01,1.498267591637134633e-01,1.298976571514067757e-01
-6.540995012698197497e-02,-1.501732611257310945e-01,-2.204610697462899005e-01,5.200038753867246982e-02,3.470977865398655604e-04
-2.468434877633091662e-01,3.319124196543044580e-01,-3.611032762287906817e-01,1.050706047436469059e-01,1.829225423049404831e-02
2.517920491093083579e-01,-2.245058586516435542e-02,-1.494380209060060249e-01,3.567984887255947618e-02,8.203261337468287229e-01
3.789556580859370638e-01,-4.548182198245371843e-01,-3.734064136775713805e-01,-9.538098237341630092e-01,1.964428944898557017e+00
1.029671133205897759e-01,-5.584250010062543623e-01,-9.446743258330461135e-01,-1.950779499154618388e-02,7.799675277407129848e-01
8.775106471620035542e-01,1.969671735715110117e+00,-2.321457524875410794e+00,-4.305320429718817898e+00,-1.985432492573435681e-01
-3.594720133719488397e-01,5.876543889026375478e-01,-3.099277079364922728e-03,-7.211876230731456387e-03,7.024493906637816476e-01
-1.270029212532911844e-01,1.085091889731652770e-01,-4.054391233717771770e-03,7.626396149622487186e-02,1.108926580585722493e-01
-4.522846114761324560e-02,3.027472116177163941e-01,-1.289842447335965148e-01,4.568082450554582230e-02,-2.418823784254009457e-03
-2.297365281308059726e-01,2.737425864189379499e-01,2.256228231586591623e-02,-7.694268086641993520e-02,2.297031895616750696e-01
0.000000000000000000e+00,0.000000000000000000e+00,0.000000000000000000e+00,0.000000000000000000e+00,0.000000000000000000e+00
-9.716749414458995815e-02,1.339581157233815656e-01,-6.499537067022928549e-02,9.086203296043529609e-02,5.893583524052059541e-02
-6.921694392608823687e-02,2.793914890803394363e-02,-1.552653236015303501e-02,7.086291228086834260e-02,7.397723174417712710e-02
-1.964542557742400830e-01,1.909144151169488990e-01,-9.340794277727736128e-02,1.609531586609677378e-01,2.084508531279879451e-01
-2.946950985481222030e-01,3.743349374989525958e-03,-2.031189614406011743e-02,8.160081203322359922e-02,4.439931654829610830e-01
-1.476157500870158290e-01,6.322762309424413696e-02,1.065312619623929322e-03,1.538987533823929776e-01,3.202551872950960554e-01
2.368313422700782378e-01,-1.550577972110416813e-01,-5.647534802191979120e-01,-3.898506273506143205e-01,1.538972245703027042e+00
-1.718225123434088120e-01,1.175797085580129603e-01,4.072283660113421716e-02,9.984309197745563913e-02,3.015033028722708952e-01
-4.378221278640455350e-02,2.223443944953635565e-01,-1.024848366428938728e-01,5.528531304484997355e-02,2.449204007863658994e-02
-1.899022693225902170e-01,1.134054994602124583e-01,4.979563838896639005e-02,1.225047838475556566e-01,3.349599898353496363e-01
-9.412281723666174327e-02,1.116803860510059976e-01,-1.719096203688569025e-01,-1.471464718424207174e-01,7.611415047680716306e-01
-1.317792728672600722e-01,4.603164791636960573e-01,-1.798685553189130204e-01,5.221994363392515326e-02,-4.566152594552022603e-03
-1.270493661214600056e-01,8.113412916515681805e-02,8.367024155968997082e-03,8.842787408747476707e-02,1.327421535221338655e-01
-1.185143157887103395e-03,-1.336414697144977341e-02,-5.451310725778216182e-03,3.998417483336764479e-03,1.211457944629362911e-02
-2.284259676291502672e-01,1.095332198163056825e+00,-1.192763586725800851e+00,-1.039584965102854364e-01,6.654374780517926524e-01
-1.117277064337565129e-01,-6.887897733363006203e-02,-2.130589500984175419e-02,8.075359244458121810e-02,3.675985714027158457e-01
2.285209821687075593e-01,-2.209105876847202166e-01,-1.645307423569824179e+00,6.737621896715681458e-02,1.013489733830036599e+00
-2.136481730484514341e-02,1.867646599915703115e-02,-1.224232783141685488e-01,7.335804287246464050e-02,1.569175796446382887e-01
-1.190142014227191652e-01,5.034142491017124660e-02,-2.654273199215553825e-02,1.184624389651879883e-01,1.236642063332710761e-01
-3.915146864455210096e-01,7.067101037260202778e-01,-8.507811292621436650e-01,2.472627785095895259e-01,3.206674331580691151e-01
4.078015925480704164e-03,-2.812212474008620594e-02,-6.139383371018063834e-02,2.253457181429651540e-02,-3.911868618720663882e-03
4.855815852739044369e-01,-4.116297853951870755e-01,-6.191759978800741582e-01,-8.349350063805236477e-01,1.892834065634725116e+00
-4.425347670423763757e-01,7.042672897369969265e-01,-7.330647499008634549e-01,2.125814529840066441e-02,1.593834196811463322e-01
-7.322250416059476741e-02,1.224338976053563344e-01,-9.957472204522961612e-02,3.578374607007256403e-02,1.535610509489301889e-02
-1.470158919918569396e-01,1.905552821781939798e-01,3.779172237321603255e-03,1.118576394179352229e-01,1.582888540825798107e-01
-4.270321987765410277e-01,1.184148848680844246e+00,-6.040453165685224501e-01,7.817356091686941677e-02,1.578554047118962411e-01
7.956948351263926078e-01,1.770039716430566179e-01,-9.516609211477399244e-01,-3.744562830955356358e-01,1.858883900833237846e+00
2.401896974723018441e-01,2.076083717235590320e-01,-1.157996367595903298e+00,2.177971833825944059e-01,8.310190976242890493e-01
-8.277778537097699174e-02,-9.443741745386788344e-02,-4.435941385296575112e-01,2.217785975953885380e-01,1.327678234089799680e-01
-1.231838177797551781e-01,2.029586333911682638e-01,-4.173541920492324087e-02,6.946234583059872347e-02,1.523187856143784769e-01
-3.410933740850644602e-01,-2.456709841186711582e-02,3.985928172176246564e-02,-3.201984570073193592e-01,1.417369592486955376e+00
-2.473689719252252645e-02,8.729016425523529465e-02,-3.925269359474579944e-02,2.285022000526171215e-02,3.201574612342963921e-02
-1.088898260279801550e-01,-1.786394151384879669e-01,-3.227788062878071407e-01,6.494379994714112592e-02,3.468046198194710827e-01
6.779506205365170013e-01,-4.708237263052403865e-01,-2.492018447230382350e+00,-3.982744552478600930e+00,7.749527229119586025e-01
-4.116043777534206249e-02,7.910786215935006194e-01,-1.900718180303585525e+00,-1.803887657712457127e-01,7.896848923085546534e-01
6.363984987337750233e-03,1.860604980238599743e-02,-4.759413704310802573e-02,5.854914439450687987e-04,5.819258379351850696e-02
0.000000000000000000e+00,0.000000000000000000e+00,0.000000000000000000e+00,0.000000000000000000e+00,0.000000000000000000e+00
-9.857895620888691701e-02,-1.122836687737482630e-01,-2.957348253327279353e-01,9.480335425209217293e-02,4.660445701386614625e-02
-3.013831005930953100e-01,1.429190077421161817e-02,-7.524995752922227776e-01,2.695863933456713601e-01,1.245999669479301297e-01
-1.395105390501932552e-01,-5.410708321940111559e-02,-6.184167698142514213e-01,1.426134297602158207e-01,2.059693650605032289e-01
-2.119860480438477413e-01,2.082936637326729401e-01,-9.094302699580669724e-02,9.600053855774022538e-02,1.089049199686731723e-01
2.360050308328736079e-01,-1.058125322359453113e+00,-2.154323840562664572e+00,-1.722782280868490057e+00,1.011065743053588317e+00
-1.453005875181293816e-01,2.608822446687829033e-01,-1.233250797304141916e-01,1.323749976364624603e-01,1.615307184147467268e-01
-2.433130438983434063e-01,7.139849923054145120e-02,7.138163118789898377e-03,1.351553065541520882e-01,3.618220569191056279e-01
1.997393481209956689e-01,-7.229776971049820533e-01,-8.927141373484700493e-01,-1.051171568251473065e+00,1.394973743962289570e+00
-2.685122321627669284e-01,-4.441099504850946067e-01,-8.634004738495616449e-01,4.877642987839988370e-03,1.083759188166924625e+00
-1.923018453157338270e-01,3.519956240679314452e-01,-2.265772550879280312e-01,1.686722219020512781e-01,9.538450329636341540e-02
-1.661226723720392040e-01,-3.330686107987549938e-01,-3.902514165564547333e-01,-1.673984584735698500e-01,8.579946556679157732e-01
-1.195895691831840996e-01,4.183573063799420622e-01,-4.724238654271827875e-01,2.101019168588896258e-01,2.393722334891119630e-01
-3.875389567177920380e-01,2.108908082765622860e-01,-4.899229499218596406e-01,1.526655562828687362e-01,3.589076427339893960e-01
-2.965052985662630092e-01,6.916175378072745294e-01,-2.420903083836895842e-01,1.509053126852079596e-01,2.718521047607075358e-01
-5.870021618312507017e-02,-1.425575519615515929e-01,-1.288088967291412812e-01,-2.180896163422856027e-02,2.405328808535605878e-01
-1.088467054005716611e-01,1.069970218281089402e-01,-8.734607304965483210e-02,1.166171395646930786e-01,1.000623020615994396e-01
-9.690614030037760784e-01,-4.533653949921141457e-01,-4.740744847154870212e-01,6.273603746949239779e-02,3.718763769798519858e-01
3.875484875424297648e-01,-2.797263780505319097e-01,-1.385335849872632918e+00,-1.301149466868567250e+00,1.740997953885712768e+00
-6.930064265048987981e-02,-6.804085209720651950e-02,-2.867309964582145376e-01,1.275066948231866060e-01,1.920479272411640959e-01
-3.537892398722292109e-01,-1.438080524711402575e-01,-6.838910250576679672e-02,-1.139894426188040044e-02,3.112357652841332145e-01
6.693732639025061770e-01,-2.495477775867124826e-01,-1.232695858781865716e+00,-1.183102452092910317e+00,2.240911527765690803e+00
-4.183536908258858600e-02,9.682939444431819254e-02,-5.609593311818213968e-01,2.489905301666812121e-01,3.276568440855532893e-01
-1.035127826958480157e-01,1.841670708181091520e-01,-1.220136545667168115e-01,1.375872658500039425e-01,3.847181352684676536e-01
-7.800696576247152791e-02,3.585247751756403395e-02,-1.948061102570255998e-01,4.917599060485176865e-02,1.785767618883953300e-01
-1.179342736364450417e-01,5.077306389606087850e-02,-5.864760610268452551e-02,1.297277863326240510e-01,1.717474947716768896e-01
0.000000000000000000e+00,0.000000000000000000e+00,0.000000000000000000e+00,0.000000000000000000e+00,0.000000000000000000e+00
0.000000000000000000e+00,0.000000000000000000e+00,0.000000000000000000e+00,0.000000000000000000e+00,0.000000000000000000e+00
-1.147133917742575171e-01,-6.071690004158786409e-03,-4.958434029136211951e-02,1.130413619420533866e-01,1.380790807013949073e-01
-1.390840970850172054e-01,2.083638458629120394e-01,-1.173113771625029778e-01,1.268533862761948017e-01,9.606950129434745078e-02
9.819728472657489327e-03,2.682525641337786884e-02,-5.995383620468486448e-03,-5.452982273465669695e-03,-1.629518079590610950e-03
-1.395683809597367542e-01,1.712862647819275441e-01,-4.300479350482556973e-02,8.183961191536123780e-02,1.096903820852795780e-01
-7.528476613599512091e-02,2.633401667603470914e-02,-2.042651626097134743e-02,6.835088689392855577e-02,1.163396226961317115e-01
-5.556219191066016222e-02,5.027128455927649259e-02,-1.242599426208322588e-02,6.948382710198468259e-02,9.798930616869722110e-02
-5.245734078717864853e-03,-2.535747271274431044e-02,3.173012622231066032e-02,-2.276514774196298704e-02,5.639577202732045519e-02
0.000000000000000000e+00,0.000000000000000000e+00,0.000000000000000000e+00,0.000000000000000000e+00,0.000000000000000000e+00
0.000000000000000000e+00,0.000000000000000000e+00,0.000000000000000000e+00,0.000000000000000000e+00,0.000000000000000000e+00
0.000000000000000000e+00,0.000000000000000000e+00,0.000000000000000000e+00,0.000000000000000000e+00,0.000000000000000000e+00
0.000000000000000000e+00,0.000000000000000000e+00,0.000000000000000000e+00,0.000000000000000000e+00,0.000000000000000000e+00
0.000000000000000000e+00,0.000000000000000000e+00,0.000000000000000000e+00,0.000000000000000000e+00,0.000000000000000000e+00
0.000000000000000000e+00,0.000000000000000000e+00,0.000000000000000000e+00,0.000000000000000000e+00,0.000000000000000000e+00
0.000000000000000000e+00,0.000000000000000000e+00,0.000000000000000000e+00,0.000000000000000000e+00,0.000000000000000000e+00
-4.689214127795331317e-03,4.994985858418002876e-03,6.341531069710566390e-03,-7.120987898653858422e-03,-1.804967748554354718e-04
0.000000000000000000e+00,0.000000000000000000e+00,0.000000000000000000e+00,0.000000000000000000e+00,0.000000000000000000e+00
0.000000000000000000e+00,0.000000000000000000e+00,0.000000000000000000e+00,0.000000000000000000e+00,0.000000000000000000e+00
0.000000000000000000e+00,0.000000000000000000e+00,0.000000000000000000e+00,0.000000000000000000e+00,0.000000000000000000e+00
-5.685202387515852357e-02,-6.253474175811589431e-02,-4.454833325656894910e-02,-7.868651739381593221e-03,2.081206800918798672e-01
0.000000000000000000e+00,0.000000000000000000e+00,0.000000000000000000e+00,0.000000000000000000e+00,0.000000000000000000e+00
-2.536556397371327876e-01,1.216204055189531869e-01,6.697679388797250777e-02,8.565335555760374142e-02,3.079769932023785350e-01
-4.813289706005883205e-03,-7.824106216465086250e-03,-4.817597153622295986e-02,1.183369012892380653e-02,-3.013270520529291729e-03
-1.919158343721381541e-02,6.114879430658898447e-03,1.715886901552235444e-02,-9.057349945775183125e-03,3.073073202876994495e-02
2.460183719026462143e-02,-1.631016160071517840e-01,-6.766482698380474892e-01,5.540332343987378321e-04,1.050728678804527361e+00
0.000000000000000000e+00,0.000000000000000000e+00,0.000000000000000000e+00,0.000000000000000000e+00,0.000000000000000000e+00
-1.958729067777173483e-01,4.397130485242729536e-01,-6.685364554852979424e-01,1.491012905881853590e-01,1.682286025106466409e-02
-1.639563559194192610e-01,1.390387117332666893e-02,-1.038562345964853528e-01,5.171882837910138364e-02,3.639537224127399329e-01
-5.922861725285874512e-02,-5.674884512050606261e-02,-1.478921280582867759e-01,5.345968724656408218e-03,1.947929897412165046e-02
-1.019587614873237458e-01,-6.469635945875117089e-02,-2.015279186647879195e-01,1.191073340903746475e-01,2.461891894228221689e-01
-1.169821483822959945e-01,5.016112178113785180e-02,-6.615054006289415589e-02,1.100684592600578299e-01,1.805828898530962290e-01
-1.500242440989063286e-01,4.198326485651789342e-01,-2.764568723056175514e-01,1.372548382498651742e-01,1.143397223796613627e-01
-3.403626979285295090e-04,2.893015002511098790e-02,-3.178894993281174142e-02,-1.545999433429874094e-02,-8.281611884885825559e-03
-1.019445073404807722e-01,-2.266899059010324402e-02,-1.947468876918970193e-01,1.039873437289595137e-01,1.407389262311473654e-01
2.405262327716241322e-01,-1.972172982153795329e-01,-4.618706223714970083e-01,1.276317403200954159e-01,8.589441440465968025e-01
-1.127879624066069619e-01,1.504999694005428740e-02,-1.916035217579286354e-01,1.935850364685028357e-01,2.207296112294467871e-01
-1.368264500761897373e-01,8.433484666673912722e-02,-1.639667972680557140e-01,1.913825206126735790e-01,2.931792017685284635e-01
-2.536332071373317842e-01,2.924219475998552503e-02,-8.042953948611659964e-02,1.254531068847494490e-01,3.726831424313865049e-01
-1.370694322327511679e-03,2.058513095774956031e-02,-5.547988192726847900e-02,9.734095972478836942e-04,2.882823178809020004e-02
-1.008218619227684992e-01,1.265783248170281872e-01,-7.755447166760356947e-02,7.877267670384269227e-02,1.167359758662288582e-01
-1.662418786124018888e-01,1.179481110449234760e-01,-2.659900306372006348e-02,1.398992324029733891e-01,3.361976354222647734e-01
-9.844959833338479127e-02,2.230062798257372303e-01,-9.685106045941002662e-02,1.239035176513305636e-01,2.280266201122514991e-01
-1.872180805222860289e-01,3.982285179941268405e-01,-1.717052700538410637e-01,-8.711094517917941649e-02,2.110986082258156649e-01
-1.769908673149523382e-01,5.309124933272832414e-02,-8.540780479851318996e-02,1.127006342634898489e-01,1.726442173687363080e-01
0.000000000000000000e+00,0.000000000000000000e+00,0.000000000000000000e+00,0.000000000000000000e+00,0.000000000000000000e+00
-2.758975551081556121e-01,5.926146636117397559e-01,9.974124677704880593e-02,-1.295287091301491889e-01,5.973502547406164265e-01
1.678782742074277357e-01,-1.273415871628582885e-01,-6.838925171343710474e-01,1.060159676211726576e-01,6.515388343657422254e-01
-2.962581675174132817e-02,-7.991058587358261522e-03,-9.143354142385626271e-02,7.484299540432455544e-02,1.147104579508834432e-01
6.444095282960472515e-01,-2.263275719972014655e-03,-5.127092085586372194e-01,-2.313638035891413258e-01,1.726193488627187689e+00
-1.973162155775703697e-01,-4.289164275221499928e-02,-2.527343130288373652e-01,3.913709263026395047e-02,6.769038106833622503e-01
-3.412913476402791579e-02,5.308796503265199654e-03,-5.572671262482497417e-02,3.535082244373179139e-02,6.413016436051709179e-02
-6.143558796329054439e-02,-1.061067343065972939e-02,-9.481367081285847070e-03,8.364369175771957376e-02,1.676115006436779131e-01
-3.985628212524552905e-02,-1.770291478662186849e-02,1.147294756185383673e-02,-1.688181985813333105e-02,3.002496579750060790e-02
-2.489564834584208591e-04,2.296542515616453419e-05,4.846897655292829298e-04,7.042699015470493785e-05,1.019381606141885359e-03
9.811270730703262888e-02,1.286451244376847214e-01,-1.551394682088176991e+00,-3.304322286980597000e-03,7.677560963400060778e-01
-5.478141253650834486e-01,4.604508741304095265e-01,-1.618463822149808218e-01,-2.001132461927016548e-01,3.468704617521599642e-01
-1.170466831615769865e-01,-3.285670259017401396e-01,1.991810279149891783e-01,-5.013393780509249886e-01,1.599369126934343965e+00
-9.714338039520808987e-02,9.634345399822091816e-02,6.442356507769124267e-03,8.385328331943238791e-04,9.689174973504838251e-02
-1.348809585182597359e-01,1.367853741420459734e-01,-7.318946117828338538e-02,9.054078713601004802e-02,1.329210163678012369e-01
-1.381275540200163632e-01,2.408536989174960702e-02,-1.310839666763193578e-01,1.270754694466380563e-01,2.484797758121902733e-01
-2.112912230797982238e-01,3.615719731707764395e-01,-1.643002834967002002e-01,1.871305786076826183e-01,1.861855054475395621e-01
-9.228925856811764916e-02,3.725219854404526049e-02,-2.070204314687071334e-02,9.448388304115779013e-02,9.863630899223617410e-02
-2.333063182866270679e-01,3.118549826157149818e-01,-2.753828944556167557e-01,1.589466938401771778e-01,1.088778365716072671e-01
-5.984439497888685566e-02,8.172914151628202228e-02,-2.730103330951179005e-02,4.082753326063037411e-03,7.577800520378052268e-03
-1.861149750197594321e-01,-7.870389493770256484e-02,-3.730186035769957886e-01,1.437902223366723242e-01,2.421581968243635141e-01
-1.636458095374617172e-01,1.303237448356621142e-01,-1.131341354429367951e-01,1.226936731924163915e-01,1.335802669349148153e-01
-1.735781640807596282e-01,2.677353766628453036e-01,-1.563600032677823493e-01,1.850832640380349059e-01,1.990153250218560377e-01
-1.433899882596999589e-02,1.066330776297821220e-02,-1.529750460106276966e-01,6.224559091590897014e-02,3.890311651784786329e-02
6.199881259745807505e-01,1.814084250882098404e-01,-1.169633903496817062e+00,-2.324946146897479138e-01,1.522788138946219894e+00
2.569834523798118428e-02,-2.400761794881358657e-01,-6.056331446943775676e-01,8.478466207591275894e-02,2.443873111396679398e-01
-1.089678801750351006e-01,1.512580920579109645e-01,2.464622936136097106e-02,-3.492349795337713891e-02,1.000395772710901965e-01
5.882344433647507254e-01,4.872465321291596374e-01,-1.613006422652334848e+00,-1.596699920162551356e+00,2.095488826754537293e+00
-1.073281271159004470e-04,6.931116134374777638e-02,-8.755881960218592219e-02,1.007155792003812172e-03,1.444546524883145305e-02
1.157869883044239899e-03,5.282712509187265787e-02,-2.493361870317021764e-02,6.321966791649528093e-03,4.000457431679263487e-02
-4.923299377586638943e-03,1.553618520367994020e-02,-3.042080616619373748e-02,2.006624793209464339e-02,3.214762502763694740e-02
-1.154480816810361798e-01,1.772128199421797723e-01,-1.078784622764373397e-01,1.322366034488516584e-01,9.727863929435380530e-02
0.000000000000000000e+00,0.000000000000000000e+00,0.000000000000000000e+00,0.000000000000000000e+00,0.000000000000000000e+00
-4.541340073880691108e-02,7.225075341071064694e-02,-1.721143521405516796e-01,1.782784367534778411e-02,5.555935699313863108e-02
-6.381301778125687829e-02,-3.818146324267597536e-02,-1.021942773385962344e-01,5.615826523918319296e-02,1.981431562908448907e-01
-1.401663926504457536e-01,1.402890967734680139e-01,-1.991196311058402585e-02,6.899883659240928224e-02,1.491776496405155528e-01
-2.547740861709412719e-01,-5.023896891842191126e-01,-1.150538331109762502e-01,-2.746455630177514484e-01,9.143544871568352050e-01
-3.777775566765106258e-02,8.225028763919560448e-02,-1.139208132172569651e-02,-4.194056782875722755e-02,-1.360990415863846600e-02
-8.450418913671628451e-02,2.509726220344021264e-01,-5.619348887614038501e-01,1.775371192649114194e-01,2.750321925198142559e-01
-1.503621160004277035e-01,2.419709555115594490e-01,-1.571355175669049697e-01,1.488523926061596780e-01,1.013309679186771145e-01
-2.790682111416296907e-02,1.374876582866003775e-02,-1.790864681770545572e-02,-1.639839888588920250e-03,2.486235458731135203e-02
-3.985193465570935345e-01,7.739793704752427894e-01,-4.832404787322412965e-01,-1.417833794647208323e-01,4.937131930500076038e-01
-6.588460741544831245e-02,6.653274420206654882e-02,-5.167654147031356532e-02,7.814240968828405076e-02,8.277200951021333741e-02
-3.568995012570178732e-02,6.823595587120384436e-03,-9.073099986616166637e-03,2.158782481300042591e-02,3.406185275787303179e-02
6.368263746617135179e-02,4.213870742530884672e-01,-7.766842804420822644e-01,-2.591466201051895735e-01,1.216066561448004624e+00
-1.141508798541730346e-01,7.371846773619906701e-01,-9.225660782643927416e-01,1.545041132643288351e-01,5.304422761419880228e-02
-1.630638376992205041e-02,-2.771804182587209522e-02,-2.368195016711346218e-02,1.489568901545768910e-02,1.030614885113119786e-02
-1.053899328881509612e-01,4.132711533085287048e-01,-3.626361759717060540e-01,2.273684401701641100e-01,2.159846309413861742e-01
0.000000000000000000e+00,0.000000000000000000e+00,0.000000000000000000e+00,0.000000000000000000e+00,0.000000000000000000e+00
-6.475851953314022691e-02,3.571570347106557686e-02,2.889785133563651034e-02,-3.751518978523883576e-03,1.238434345138786918e-01
1.895483054130160383e-01,-7.797826123866177239e-01,-1.642831799976427032e+00,-2.516788940335343394e+00,1.803278215574533938e+00
-3.497326578620297832e-01,3.709368625346262660e-01,-9.053247025055029262e-02,5.996221552405482658e-02,6.009064401566603930e-01
-1.544597617583180760e-01,1.945709392900571155e-01,8.304773947864321770e-02,-3.319707783292794034e-02,1.955710662101682318e-01
-4.667573280572035171e-04,6.677352550245062301e-02,-2.178004549645756044e-02,-1.788544366681242559e-02,-1.739410866865733971e-02
-6.231982587384774647e-02,-1.159609687604753157e-02,-6.758642147829710400e-02,2.784500379310201473e-02,2.497738106343141973e-02
-1.401005503655316509e-01,-2.096249036675513766e-01,-1.864881160867801757e-01,-2.494706970672362634e-02,1.011135725890629278e+00
-1.773931935642318602e-02,-6.755182023724490455e-04,-4.722916790335505988e-02,2.133039364274925270e-02,2.642049214844486432e-03
-3.526705779257747336e-02,-6.879727788347372863e-02,-2.529867657190448815e-02,1.947393985994234781e-03,5.267433451324813470e-02
-9.545390387361152307e-02,6.604207592646677005e-02,-3.602818208978000175e-02,6.544920647711433004e-02,7.299694116647420516e-02
-4.647326031392389617e-02,-2.926975824034998633e-02,-2.207356154110951540e-01,1.660701372965787959e-01,2.217484469682158288e-01
-1.152178285140213060e-01,1.653352982958708473e-01,-2.887452365681757449e-01,1.054190214869997616e-01,1.366318078747960352e-01
-8.493984518846776910e-02,1.302987766171080919e-01,-4.537978072434098453e-01,8.707881928814266426e-02,1.242935183761907925e-01
-3.838553490932125056e-01,4.904532955486288204e-01,-3.544867190272540936e-01,6.124833202093795531e-02,9.794386889665657181e-02
-2.508037425948134724e-01,4.316255925197785559e-01,-2.194065425488523069e-01,1.325390797787185347e-02,2.186401070107432953e-01
-1.329434561135967918e+00,-6.657495204084685758e-01,-5.492249910736247687e-01,1.120247635142119780e-01,4.877139815840869641e-01
-1.020406046426911434e-01,2.096080170578900892e-01,-6.638858889147532250e-02,6.995922371384767635e-02,6.432649709360263590e-02
-1.344408841874556934e-02,1.172109671665898523e-01,-5.132459157657347920e-02,2.186567791645524506e-02,-3.512207954648884078e-03
-2.929641852471731034e-01,4.912160893138609041e-01,-1.090087602124781840e+00,-5.914215738609913259e-02,2.630389448442815858e-01
-3.639288206812377885e-02,3.144172322041836106e-03,-1.158582125213675207e-01,3.931784780321743306e-02,3.739018912140366913e-03
5.767746835210064114e-03,1.591096028055907817e-03,-1.099664425146440819e-02,-2.417715940369896937e-03,-8.125735786014266077e-03
1.270340687214615571e-01,-6.461156329494784911e-01,-1.879552603709320868e+00,-7.020690440202294047e-01,1.296640940383718910e+00
-2.703964190135311196e-01,6.063289745779656403e-01,-2.145587472704590659e-01,1.862692702069762007e-01,1.537891271871663357e-01
-1.146507736293497642e-01,-1.264382556302609817e-01,-1.794963839147460383e-01,2.038065649614937899e-02,9.286183143982873478e-02
0.000000000000000000e+00,0.000000000000000000e+00,0.000000000000000000e+00,0.000000000000000000e+00,0.000000000000000000e+00
-6.218264690463926742e-02,4.748669639567293724e-03,4.528765010124520540e-02,-8.445766369558517853e-03,1.397592629815462006e-01
-1.579173531860946500e-01,4.400615726350051715e-02,-6.097766246730543238e-02,8.493242336846430762e-02,1.623650427498429250e-01
-1.464040117015538156e-01,3.069487977735818052e-01,-1.528416577451261749e-01,1.273238416670796902e-01,5.350858470936603606e-02
-2.924383808141312602e-01,3.890812847409446107e-01,-2.173047087833941959e-01,1.521749572808792361e-01,3.477388634367410969e-01
1.347618154347829389e-01,6.694574423636630023e-01,-1.242203325755409926e+00,-9.668012319363941676e-02,8.458655315639209693e-01
-4.524121121375011129e-02,1.264149529927185878e+00,-1.331192586886563722e+00,-1.121778315914686783e-02,2.362360469178956812e-01
-1.297945934664248083e-02,2.127054500048984956e-02,-1.044403852391737331e-01,4.764747643883579520e-02,5.721434566759308477e-02
-2.588231906229962465e-02,2.598092299902027020e-03,-2.437061203169435877e-02,7.464461456166388877e-03,4.881309838040670535e-02
-9.407350220538863994e-02,2.533916955896360970e-02,2.517035420378987975e-02,6.931478424642358027e-02,1.348439336606098993e-01
-1.581688783251271047e-01,1.843356385741956593e-02,-8.404846532814790050e-02,8.800655455032857510e-02,8.942151269373663225e-02
-3.290888063656005058e-01,1.133712305177405205e-01,-2.470533626103501301e-01,1.079267689421832543e-01,2.810785626939695803e-01
-8.125067471709973566e-02,1.109745498983219836e+00,-1.190571595676093608e+00,1.663509386466308637e-01,2.714222457365855767e-02
-7.482238399066737378e-02,-9.471530395873811736e-02,-2.928007650787224359e-01,3.756164030567164108e-02,5.358760034621462554e-02
-1.659960629958085188e-01,2.250603413361645933e-02,-1.279978663189596522e-01,-5.462598596499081832e-03,2.140490445427149502e-01
-1.382967990830089589e-01,1.554061131871784796e-01,-1.663973164523706583e-01,9.236141839698429334e-02,8.694536920173744077e-02
-1.103117590715502749e-01,-1.873439735721845190e-01,-6.185338472970525192e-02,8.638540419260043457e-03,3.365480476080506267e-01
-3.212550311532961222e-01,-3.618226674608099325e-01,-3.361311661550549501e-01,-2.044383275985882376e-01,7.969121125890746837e-01
-1.280516371331134606e-01,2.345750171734656830e-01,-1.990626872135481396e-01,1.999461426084215010e-01,2.284229370064355114e-01
-5.291613917970287850e-02,1.899427161579647361e-01,-2.550187611993215767e-02,-1.432266955415689019e-02,8.817747252045333994e-02
-1.281947624228986227e-01,1.568516543715773037e-01,-8.018301702953536947e-02,1.333180666123611469e-01,1.239022117744955631e-01
-3.453919953002553000e-02,-1.155546087185077148e-01,-5.633061308530986633e-01,-1.454798091212427397e-02,1.690662561502059846e-01
0.000000000000000000e+00,0.000000000000000000e+00,0.000000000000000000e+00,0.000000000000000000e+00,0.000000000000000000e+00
-2.307231464202941229e-02,9.313049636011315122e-03,-5.175510786717678335e-03,2.362097076028944753e-02,2.465907724805904352e-02
3.075489906300341025e-01,1.638611569554194292e+00,-2.193931017964139585e+00,-3.019823610034635397e+00,-2.404796164585691898e-01
-5.677179458348886269e-04,-3.453209481895504196e-02,-1.866813654513408555e-02,1.654667864405439878e-02,5.416304566651404528e-02
-4.667508582311737930e-01,7.140078469342157064e-01,-9.372167996507200227e-01,4.099320958513968244e-02,1.208360254506443132e-01
0.000000000000000000e+00,0.000000000000000000e+00,0.000000000000000000e+00,0.000000000000000000e+00,0.000000000000000000e+00
-2.015161876753615855e-01,3.450452539129079121e-01,-7.079166617086413149e-01,1.023997812309245387e-01,4.472873278586009249e-02
-3.061804913847083198e-01,2.556159028268460975e-01,-1.235960595805551815e-01,1.398917354113794198e-01,3.252028364198547017e-01
-1.039364458650192669e-01,-2.878746285319507686e-02,1.776726623032621674e-02,1.021507136198540888e-01,2.723210092580684583e-01
-2.814139786330714377e-01,8.714393736846932637e-01,-7.187525237135290457e-01,2.219352544980574271e-01,3.868838515691830349e-02
-3.479595851243112437e-01,9.442727335971654590e-01,-4.276309293581475046e-01,1.893377350838896245e-01,3.107352302573333502e-01
-4.165786349347919831e-02,3.061439707591603193e-02,-1.141011448742074441e-01,6.323470591403951291e-02,2.718244944766744914e-02
-1.097062551626542815e-01,2.528693511184670339e-01,-1.975772869808331833e-01,1.639574157832594248e-01,1.469476267724786900e-01
-3.747430537268568451e-01,8.048916118369918715e-01,-5.073253546047767903e-01,2.201022821650965300e-01,1.592831692374068187e-01
6.803722139512451139e-02,-1.930955015408355180e-01,-2.191379112527849227e+00,-1.567216418085613516e-01,7.641083916161113265e-01
-1.119849389886303503e-01,6.848278214071669423e-02,-1.898181928870345259e-01,1.734673367345248851e-01,3.935445918606647053e-01
-1.500298975510613086e+00,8.138129904648936375e-01,2.207091484970801487e-01,-1.708631873234194742e+00,8.503768044929367331e-01
-1.959221913780182789e-01,-1.214351441162154904e-01,-1.890889366637639457e-01,1.431047730790959149e-01,3.837958656668910562e-01
-3.606581695615137528e-01,-1.024894212770528779e-01,-3.240981411290158598e-01,-9.208164712635887386e-03,8.169664559870466469e-01
4.104569843632043316e-03,-5.362730720889794661e-02,-5.783702425409262965e-02,4.851154897496767066e-02,2.170744605871120503e-01
0.000000000000000000e+00,0.000000000000000000e+00,0.000000000000000000e+00,0.000000000000000000e+00,0.000000000000000000e+00
-5.585412612767953061e-02,-1.266766965065087014e-01,-9.327326786429411543e-02,-9.092213429358017920e-03,1.109924478627711264e-01
-1.487638612096839064e-01,4.459966218815160366e-02,1.308649110843546851e-03,8.802244713327025960e-02,2.010131527350755565e-01
-3.393738419121331007e-02,-9.337177758895867652e-02,-1.398411594028391679e-02,7.006907883148272287e-02,2.869243046953641740e-01
-1.412106627747249099e-01,3.722541732071979470e-01,-8.719866507107812414e-02,-1.324117743708348727e-02,-2.818797235635234905e-02
-1.566120791027111325e-01,6.736858806746702510e-02,-2.057513107196164148e-01,2.429427912523545452e-01,3.078797551994065795e-01
-5.726767648214544648e-01,2.371238055473505746e-01,-7.517590119560021433e-01,-4.902523856785512835e-01,6.486782255481939874e-01
-2.561698391541294972e-01,-5.390091816897747412e-01,-5.017774233443644816e-01,4.622641907497109653e-02,6.697908832143554259e-01
1.338221366800012302e-01,1.217357302815404302e-01,-3.189554980500048931e-01,-1.121562116895068462e-01,1.103626820851812518e+00
1.285927392637670891e-02,4.857983762046010762e-02,-8.503912152634270430e-03,1.220512318385576743e-02,4.499433583749101045e-02
-5.977720271201404367e-01,8.804759738928158441e-01,6.510888934238003196e-03,-1.209806972075491843e-01,1.319260519227058337e+00
-2.661563328981420007e-01,4.015211889174071236e-01,-2.337836283403073590e-01,5.392984185303187350e-02,8.433604453868487338e-02
0.000000000000000000e+00,0.000000000000000000e+00,0.000000000000000000e+00,0.000000000000000000e+00,0.000000000000000000e+00
-1.871586636306528384e-01,-2.128970485642284888e-02,-1.039640471506118879e-01,8.501984959008940246e-02,1.292723170492154072e-01
-4.232242510413209736e-03,2.618696678852470289e-02,-4.681114399636918284e-03,1.038771691951926104e-02,4.189349946244803630e-04
0.000000000000000000e+00,0.000000000000000000e+00,0.000000000000000000e+00,0.000000000000000000e+00,0.000000000000000000e+00
-6.921694392608823687e-02,2.793914890803394363e-02,-1.552653236015303501e-02,7.086291228086834260e-02,7.397723174417712710e-02
-5.023620287369633397e-01,5.982422656444665865e-01,-3.809466258641663328e-01,8.615237282204459002e-02,1.127061506774711952e-01
-6.219862154236179864e-03,2.968147765013719186e-02,-1.683185398931561633e-02,5.171487151350981012e-03,6.793002528464351514e-03
-2.869368585146590475e-02,-3.504294048988362831e-02,-4.132437547131315864e-02,1.464817023108589203e-02,1.144356586441186777e-02
-9.158448774953352467e-02,4.595802259929304689e-02,-1.807354408948643604e-02,9.241153578202264407e-02,9.969507847443431769e-02
0.000000000000000000e+00,0.000000000000000000e+00,0.000000000000000000e+00,0.000000000000000000e+00,0.000000000000000000e+00
-1.282418291698143031e-01,1.038590303728088027e-01,-4.439015187785432665e-02,1.247455995110956506e-01,1.246644706280388842e-01
-2.722641652213321148e-02,6.810171392784344913e-02,-2.555280277745528711e-02,1.266478049004721509e-02,-3.716474964334057912e-04
-5.008928916314344011e-03,-3.158131640359148479e-02,-1.586172556124475219e-01,1.976899030082587133e-02,-1.955530380412674740e-02
0.000000000000000000e+00,0.000000000000000000e+00,0.000000000000000000e+00,0.000000000000000000e+00,0.000000000000000000e+00
-9.228925856811764916e-02,3.725219854404526049e-02,-2.070204314687071334e-02,9.448388304115779013e-02,9.863630899223617410e-02
0.000000000000000000e+00,0.000000000000000000e+00,0.000000000000000000e+00,0.000000000000000000e+00,0.000000000000000000e+00
-8.464485020826421425e-04,5.237393357704941098e-03,-9.362228799273837870e-04,2.077543383903852122e-03,8.378699892489606177e-05
-1.953182456735547967e-01,3.214126637856340452e-01,-1.100529978235456757e-01,1.098278195155660275e-01,1.245694924449096130e-01
-1.254102076709232017e-01,-2.014274928710503565e-01,-1.899991192460455947e-01,-2.702706626630759900e-03,1.410070321368490642e-01
0.000000000000000000e+00,0.000000000000000000e+00,0.000000000000000000e+00,0.000000000000000000e+00,0.000000000000000000e+00
-2.004885034514740025e-02,8.986350352806132119e-03,-6.651732710576000428e-03,2.347141075578799627e-02,2.541923012776034149e-02
0.000000000000000000e+00,0.000000000000000000e+00,0.000000000000000000e+00,0.000000000000000000e+00,0.000000000000000000e+00
0.000000000000000000e+00,0.000000000000000000e+00,0.000000000000000000e+00,0.000000000000000000e+00,0.000000000000000000e+00
-1.173868395764078865e-01,5.217675499371456777e-02,-7.386592264224971227e-02,1.074667998096365817e-01,9.997158283546075941e-02
-3.042647818730395137e-01,5.622257675487986051e-01,-3.048349216993846977e-01,1.456858978043258090e-01,5.862947759753747712e-02
1.189333229570286102e-02,3.431373688823766144e-02,-1.425305015773354819e-02,-7.009651335580868205e-03,-4.241849396939601641e-03
0.000000000000000000e+00,0.000000000000000000e+00,0.000000000000000000e+00,0.000000000000000000e+00,0.000000000000000000e+00
0.000000000000000000e+00,0.000000000000000000e+00,0.000000000000000000e+00,0.000000000000000000e+00,0.000000000000000000e+00
-3.789366158405273466e-01,7.860581047035775093e-02,-5.707121558095447078e-01,1.091200728586946972e-01,3.784967678261244028e-01
8.880222063441702007e-02,-3.913046334677158788e-01,-1.379491014862523901e+00,-6.635537323283688949e-01,8.016260847907801246e-01
4.144761512625795286e-01,-2.174181817898995228e-01,-1.908458927689553608e+00,-3.407272434680577167e-01,9.369228150674668854e-01
1.531725061749151517e-01,-9.269321715877779644e-01,-2.199480968161891425e+00,-1.532013223530775514e+00,1.179629920624833517e+00
-3.208507711750376301e-01,-6.273666372150347170e-01,-5.562028434540066124e-01,-2.675692733722302652e+00,2.172749087780136534e+00
1.100871309802519793e+00,5.955020879891030905e-01,-1.959054127813908641e+00,-1.153799594206373680e+00,1.661416653551653244e+00
0.000000000000000000e+00,0.000000000000000000e+00,0.000000000000000000e+00,0.000000000000000000e+00,0.000000000000000000e+00
3.013073066346446116e-01,1.018834414670009708e-01,-7.981008479283093759e-01,-1.278977326315705376e+00,2.121851630470957595e+00
2.939889013475239232e-01,1.449678711312184509e+00,-1.351042437013555642e+00,-3.523097197679298631e+00,1.318080055028428621e+00
-5.790013303076204654e-01,-9.871523047879365853e-02,-1.414829570404763315e+00,-1.135669926930140267e-01,2.203748926210802317e-01
2.774279888743692579e-01,-5.307805633022005809e-01,-2.424104510011567459e+00,-1.052939714514389946e+00,8.425316942243759044e-01
-4.846149876315477556e-01,-2.275178465027262800e-02,-1.189115646553621675e+00,-1.044678665001765733e-01,1.737665628795552752e-01
1.544632618987505646e-01,-1.093547960795033386e-01,-1.792595529398251619e+00,-5.465333849609945727e-01,1.246575817160167743e+00
0.000000000000000000e+00,0.000000000000000000e+00,0.000000000000000000e+00,0.000000000000000000e+00,0.000000000000000000e+00
-2.949494423602842530e-01,3.905334489365411277e-01,-6.740921637550932599e-02,-4.087542114777394792e-02,7.883115759636147302e-02
-2.485655827930040307e-02,-2.599979349070330892e-03,4.069688656394291476e-02,-1.548128034444771215e-03,6.086670191643275829e-02
0.000000000000000000e+00,0.000000000000000000e+00,0.000000000000000000e+00,0.000000000000000000e+00,0.000000000000000000e+00
0.000000000000000000e+00,0.000000000000000000e+00,0.000000000000000000e+00,0.000000000000000000e+00,0.000000000000000000e+00
-4.813289706005883205e-03,-7.824106216465086250e-03,-4.817597153622295986e-02,1.183369012892380653e-02,-3.013270520529291729e-03
0.000000000000000000e+00,0.000000000000000000e+00,0.000000000000000000e+00,0.000000000000000000e+00,0.000000000000000000e+00
-3.152956157675395610e-01,-1.229657629008929082e-01,-4.214138715211311892e-01,1.239259727302756235e-02,-7.786125071446781121e-02
-1.303548765350073801e-01,1.150265373876634689e-01,1.846638298134557071e-02,1.109966594755862901e-01,2.244465923097310744e-01
0.000000000000000000e+00,0.000000000000000000e+00,0.000000000000000000e+00,0.000000000000000000e+00,0.000000000000000000e+00
-2.969177910662765818e+00,1.679818416653125146e+00,-9.711905393208549730e-01,-2.026363457656144895e+00,5.198248814611174939e-01
-3.305805491513675864e-01,-1.913177845575292912e-01,-1.683976677516415277e-01,3.165488130785555718e-03,-4.331258113413186117e-03
-3.662139166994193284e-01,1.620595101051579973e-02,-2.443139095586456186e-02,-5.293018437360274414e-02,5.274887588993443233e-01
-1.062015785337251939e-01,-6.104881247406073429e-03,1.155535278597663723e-01,-1.829067614412870600e-03,2.026626985739540809e-01
-1.627460767976463274e-01,3.901224234522406020e-02,-6.282723902596334953e-02,1.215352742289135396e-01,1.334786362627984890e-01
-2.909317716003413934e-01,1.552552797593003721e-02,-3.001104527394511390e-01,6.667587041994141317e-02,-9.434375782468557015e-03
-4.600367512034199413e-02,2.036726408307219099e-02,-9.825321761958496006e-03,4.682747206875187418e-02,4.952990839255771993e-02
-1.130677466871257350e-02,8.996721055885992940e-03,9.305403993633776238e-03,-1.079810983529902457e-02,-6.126910345361259724e-04
-3.841882395294430319e-01,-9.102346468834562887e-02,-5.542022952134727509e-01,1.386243022538253544e-01,3.351656932942869704e-01
1.409541637168206375e-04,1.741164811049557498e-03,5.256998114768564366e-04,-4.144694518270302091e-04,2.117538964396287627e-04
0.000000000000000000e+00,0.000000000000000000e+00,0.000000000000000000e+00,0.000000000000000000e+00,0.000000000000000000e+00
-2.825002580607381686e-02,-5.760815203958413039e-02,-5.829715687795002099e-02,4.249806741915571583e-03,4.630165324249209402e-03
-1.827430978944429713e-02,1.936515066776087202e-02,-2.049958017056250151e-02,7.673826287180547483e-03,8.637394349535996996e-04
-1.298293952328018752e-01,8.348035766449213302e-02,-8.787633858267503931e-04,9.996037270490934490e-02,1.373305477332721902e-01
0.000000000000000000e+00,0.000000000000000000e+00,0.000000000000000000e+00,0.000000000000000000e+00,0.000000000000000000e+00
0.000000000000000000e+00,0.000000000000000000e+00,0.000000000000000000e+00,0.000000000000000000e+00,0.000000000000000000e+00
0.000000000000000000e+00,0.000000000000000000e+00,0.000000000000000000e+00,0.000000000000000000e+00,0.000000000000000000e+00
0.000000000000000000e+00,0.000000000000000000e+00,0.000000000000000000e+00,0.000000000000000000e+00,0.000000000000000000e+00
-4.078499624145216600e-03,-1.040389781488796662e-02,-3.466897984918635399e-03,2.441193256958601888e-03,1.942441523868501663e-02
-2.239476611597005506e-01,1.490137387779732481e-01,-1.177549876797899936e-01,1.262193179413935162e-01,1.307897305284115852e-01
-9.408871887500479536e-01,1.092096966451781559e-01,-5.264160404314870423e-01,-9.427709981137618461e-03,4.471215895887493685e-01
0.000000000000000000e+00,0.000000000000000000e+00,0.000000000000000000e+00,0.000000000000000000e+00,0.000000000000000000e+00
-3.174271081876949702e-02,2.064839420966889036e-02,-3.221272752762136676e-02,2.089556291637482185e-03,-5.278860442172154596e-03
-3.548112745447282168e-01,-1.320699123346555093e-01,-7.455344557957034601e-02,4.223775129771904085e-02,8.385173398174147752e-02
4.997581633776296706e-04,6.194303978919427772e-02,6.678347771899243585e-03,-1.929112975022160767e-02,3.845830510839966243e-02
-1.565470113484840609e-01,1.135618749932115618e-01,-7.641716225794088768e-02,1.217556739629335194e-01,9.008096770969092892e-02
0.000000000000000000e+00,0.000000000000000000e+00,0.000000000000000000e+00,0.000000000000000000e+00,0.000000000000000000e+00
-9.861826873582289765e-02,1.115590650066824174e-01,-2.319135724735396642e-01,3.231724452182650059e-02,-9.543423302685812015e-02
0.000000000000000000e+00,0.000000000000000000e+00,0.000000000000000000e+00,0.000000000000000000e+00,0.000000000000000000e+00
-5.612918863037367201e-01,-3.389996790861304343e-01,-2.674378360772100560e-01,3.746495207618493611e-02,7.728658513580852207e-02
-9.438960560145709042e-03,-2.726553753748915676e-02,-5.484015893708040629e-02,1.910233217437347711e-02,1.064199379123681455e-02
-1.521598597653973095e-01,1.254569762648806708e-01,-5.272923172672359243e-02,9.230365932858948519e-02,1.109394697859574785e-01
-5.125455856122954623e-01,3.990817513152077056e-02,-1.388909483161203662e-01,1.616496055798757603e-01,2.274058277882294310e-01
0.000000000000000000e+00,0.000000000000000000e+00,0.000000000000000000e+00,0.000000000000000000e+00,0.000000000000000000e+00
0.000000000000000000e+00,0.000000000000000000e+00,0.000000000000000000e+00,0.000000000000000000e+00,0.000000000000000000e+00
0.000000000000000000e+00,0.000000000000000000e+00,0.000000000000000000e+00,0.000000000000000000e+00,0.000000000000000000e+00
0.000000000000000000e+00,0.000000000000000000e+00,0.000000000000000000e+00,0.000000000000000000e+00,0.000000000000000000e+00
0.000000000000000000e+00,0.000000000000000000e+00,0.000000000000000000e+00,0.000000000000000000e+00,0.000000000000000000e+00
0.000000000000000000e+00,0.000000000000000000e+00,0.000000000000000000e+00,0.000000000000000000e+00,0.000000000000000000e+00
-4.740400355699212476e-01,-1.594205271965110082e-01,-5.277878998655030074e-01,-7.012365647411800129e-02,2.068908712840394903e-02
-1.701294121308634333e+00,-1.148889304588470273e+00,-7.173236151524726711e-01,-1.215490406572345972e+00,1.289461431077165265e+00
0.000000000000000000e+00,0.000000000000000000e+00,0.000000000000000000e+00,0.000000000000000000e+00,0.000000000000000000e+00
-1.193513058923666714e-01,-1.393304077973937273e-02,-2.096671978736782127e-01,2.888444433391391605e-02,-3.605407953947044331e-02
-3.388778377817551826e-03,-3.974318465619737333e-03,3.934654774059315012e-03,-3.328097095716798116e-03,3.707813056293268565e-03
0.000000000000000000e+00,0.000000000000000000e+00,0.000000000000000000e+00,0.000000000000000000e+00,0.000000000000000000e+00
-1.224063135238906641e+00,-6.487236322769608377e-01,-3.707326356040433479e-01,-7.432075653464344234e-02,5.125771350632783996e-01
0.000000000000000000e+00,0.000000000000000000e+00,0.000000000000000000e+00,0.000000000000000000e+00,0.000000000000000000e+00
0.000000000000000000e+00,0.000000000000000000e+00,0.000000000000000000e+00,0.000000000000000000e+00,0.000000000000000000e+00
-4.060455959134149501e-02,-4.532404086252859315e-02,-2.071301772471095121e-02,1.108702034035322949e-02,2.087341894249909041e-02
0.000000000000000000e+00,0.000000000000000000e+00,0.000000000000000000e+00,0.000000000000000000e+00,0.000000000000000000e+00
0.000000000000000000e+00,0.000000000000000000e+00,0.000000000000000000e+00,0.000000000000000000e+00,0.000000000000000000e+00
-2.013949823818567478e-02,1.012524072877014902e-01,-2.123292579721520329e-02,-2.202014984862185956e-02,-2.495000140795394089e-02
0.000000000000000000e+00,0.000000000000000000e+00,0.000000000000000000e+00,0.000000000000000000e+00,0.000000000000000000e+00
-9.700154679614846343e-01,3.781149024244387369e-02,-6.989377772975786662e-01,-2.846611317081213649e-02,1.510556984551324478e-01
-1.053001476197274883e-01,7.239651653915383372e-03,1.707790189572651329e-02,6.123780192864396177e-02,2.287201103742760588e-01
-4.304387666595868023e-01,4.240932022788829886e-02,-7.299959673787015380e-02,7.424815419832615782e-02,2.573670862000644322e-01
-1.020199270919075057e-01,3.842587887015878195e-02,-4.106287516604106153e-02,8.900865274531673255e-02,9.350817887327607381e-02
-5.440065497866720945e-02,8.964089927026201721e-02,-2.213912561538601900e-02,-2.103837296548927149e-02,5.527373095423337296e-02
0.000000000000000000e+00,0.000000000000000000e+00,0.000000000000000000e+00,0.000000000000000000e+00,0.000000000000000000e+00
-1.250614105344055593e-01,-8.205910522734148616e-02,-2.762277610716085130e-02,1.531235260120570804e-02,1.837403501014454529e-02
1.505664649997746733e-02,9.013514212091638944e-02,-2.893377074169019639e-02,-3.105824781516715316e-02,-1.485962561930659342e-02
0.000000000000000000e+00,0.000000000000000000e+00,0.000000000000000000e+00,0.000000000000000000e+00,0.000000000000000000e+00
-3.864272797593803349e-02,3.791366441691101236e-02,-5.242389053372265018e-03,-4.686882156502348261e-03,2.688326406293736065e-02
-8.401179676689760623e-01,-1.716456090226954265e-02,-8.759565572777711084e-02,-9.994142562240387884e-02,3.145322598385415502e-01
0.000000000000000000e+00,0.000000000000000000e+00,0.000000000000000000e+00,0.000000000000000000e+00,0.000000000000000000e+00
-6.899080369172427840e-01,-5.164080680172536963e-01,-1.505509065365451260e-01,-1.896358230493448149e-01,2.834154049791746677e-01
-2.981385912638266356e-01,1.157118195906065017e-01,-1.325218130958994711e-01,8.098800984304818651e-02,2.156873138720888927e-01
0.000000000000000000e+00,0.000000000000000000e+00,0.000000000000000000e+00,0.000000000000000000e+00,0.000000000000000000e+00
0.000000000000000000e+00,0.000000000000000000e+00,0.000000000000000000e+00,0.000000000000000000e+00,0.000000000000000000e+00
0.000000000000000000e+00,0.000000000000000000e+00,0.000000000000000000e+00,0.000000000000000000e+00,0.000000000000000000e+00
-2.186363641305982264e-01,2.351663158163359302e-01,-9.556934499370710800e-04,-2.487160604532755170e-02,1.347499501557472279e-01
-2.738459235903919348e-02,3.817755107517970675e-02,-2.480138828910433482e-02,-4.324678437817886315e-03,-2.171082482150881246e-02
-1.729369779309106459e-01,1.201199847757435796e-01,3.626543192896100609e-02,2.975792102567028502e-02,1.299677956079257901e-01
-2.539345506247926969e-03,1.571218007311482243e-02,-2.808668639782151144e-03,6.232630151711556800e-03,2.513609967746878058e-04
0.000000000000000000e+00,0.000000000000000000e+00,0.000000000000000000e+00,0.000000000000000000e+00,0.000000000000000000e+00
0.000000000000000000e+00,0.000000000000000000e+00,0.000000000000000000e+00,0.000000000000000000e+00,0.000000000000000000e+00
0.000000000000000000e+00,0.000000000000000000e+00,0.000000000000000000e+00,0.000000000000000000e+00,0.000000000000000000e+00
-5.405238455060479286e-02,6.953390013776331036e-02,-8.022452133907748140e-02,2.332900597536805704e-02,-2.049215369470003267e-02
0.000000000000000000e+00,0.000000000000000000e+00,0.000000000000000000e+00,0.000000000000000000e+00,0.000000000000000000e+00
-2.141846228755474400e-03,1.559352910050985051e-03,-7.822568769949624079e-02,2.770605896564749468e-02,2.881133909743691102e-03
-1.827912136811972107e-02,-8.118468446386722936e-02,-9.693537501722691851e-02,2.859266223788222566e-02,9.220562839796792032e-02
0.000000000000000000e+00,0.000000000000000000e+00,0.000000000000000000e+00,0.000000000000000000e+00,0.000000000000000000e+00
-3.385794008330568570e-03,2.094957343081976439e-02,-3.744891519709535148e-03,8.310173535615408488e-03,3.351479956995842471e-04
-1.659551763555813519e-01,4.737168877181773680e-02,-1.587160809836951070e-01,1.408308634062199471e-01,1.482073364647091829e-01
-3.286685970555786040e-03,-1.687716869679504322e-02,8.012849449704338711e-03,-6.350388122545826998e-03,2.061538432441813867e-02
0.000000000000000000e+00,0.000000000000000000e+00,0.000000000000000000e+00,0.000000000000000000e+00,0.000000000000000000e+00
-2.547962580900747787e-01,-1.097387360947499613e-01,-7.202835636113449902e-02,1.317633612302750862e-02,3.327503527839026365e-02
-9.569104349532030207e-02,6.962479591662090739e-02,-3.642014418471460624e-02,8.797185208831205527e-02,1.060708886415108465e-01
-8.521587726860931425e-03,2.810745609519103155e-02,-6.806002401222296938e-03,-1.017185478540290171e-02,-1.234655209033210313e-02
-9.468165088154265052e-02,1.990245510710509161e-02,-1.611416633856197628e-02,3.313469778776943070e-02,4.438015963690533638e-02
-3.194078653462392725e-02,2.750177319242461463e-02,9.845778736485892579e-03,1.245732644446817007e-02,2.625161792402246758e-02
0.000000000000000000e+00,0.000000000000000000e+00,0.000000000000000000e+00,0.000000000000000000e+00,0.000000000000000000e+00
-4.181142787901507424e-02,-5.382529958690522587e-02,-8.994712474647255374e-02,-2.759765708978945391e-03,-3.728048158536216572e-03
